route_short_name,n_paradas,crimes_medio,crimes_max,crimes_total,pct_sem_crime,price,crimes_dia_max,crimes_dia_min,crimes_dia_std,crimes_hora_max,crimes_hora_min,crimes_hora_std,nivel_perigo_score,cluster,perfil_risco,route_id,indicador_ar_condicionado,duracao_viagem,ano_fabricacao,crimes_pico_manha,crimes_pico_tarde,crimes_noturnos,crimes_fim_semana
0,21,3.29,9.0,69.0,33.33,6.501452282157676,18,2,5.33630869386231,8,0,2.21285768418007,0.48,0,Médio Risco,0,0.45480258899676373,59.403333333333336,2012.905210355987,7,13,25,11
006,49,5.81,21.0,1093.0,25.53,5.0,73,15,19.242809417694556,29,0,9.692276171844483,3.96,0,Médio Risco,O0006AAA0A,1.0,32.24,2018.0,54,65,121,40
007,58,5.87,21.0,1661.0,28.27,5.0,73,19,19.303342913056476,37,0,10.956352799479701,5.63,0,Médio Risco,O0007AAA0A,1.0,36.57,2017.65,60,70,134,44
10,213,0.88,5.0,971.0,77.03,5.0,48,10,14.360992139754662,30,0,8.933632106187027,3.8,1,Baixo Risco,0,0.45480258899676373,59.403333333333336,2012.905210355987,2,58,45,52
100,119,2.5,10.0,1199.0,28.81,5.0,78,12,22.17892607645289,48,0,12.838390684284336,4.63,0,Médio Risco,O0100AAA0A,0.99,42.45,2016.18,58,102,78,61
104,265,3.31,20.0,5605.0,34.12,5.0,203,25,57.33444074235045,84,4,22.66709292011826,20.71,2,Alto Risco,O0104AAA0A,0.002,83.99,2010.02,107,255,240,157
107,91,2.48,8.0,586.0,28.81,5.0,62,12,18.910818269420485,51,0,12.194008388536977,3.11,0,Médio Risco,O0107AAA0A,0.031,40.58,2010.48,37,77,60,39
11,213,0.86,5.0,970.0,77.11,5.0,48,10,14.360992139754662,30,0,8.933632106187027,3.8,1,Baixo Risco,0,0.45480258899676373,59.403333333333336,2012.905210355987,2,58,45,52
117,28,4.84,17.0,218.0,15.56,5.0,27,5,7.483314773547883,15,0,3.653219743288601,0.79,0,Médio Risco,O0117AAA0A,0.5,9.26,2014.0,34,14,39,39
12,165,0.91,5.0,251.0,75.0,5.0,43,2,14.461772268392872,22,0,6.854068927984692,2.29,1,Baixo Risco,0,0.45480258899676373,59.403333333333336,2012.905210355987,0,34,45,31
13,146,1.06,5.0,512.0,69.71,5.0,40,2,13.212548148310702,22,0,6.763071080122004,2.04,1,Baixo Risco,0,0.45480258899676373,59.403333333333336,2012.905210355987,0,34,45,31
133,77,5.71,18.0,1860.0,2.15,5.0,134,40,33.074950959183305,107,0,21.876464754272515,5.83,0,Médio Risco,O0133AAA0A,1.0,33.11,2016.96,23,171,92,88
14,171,1.25,7.0,1176.0,68.23,5.0,56,9,18.920887928424502,27,0,8.883199417105189,4.42,1,Baixo Risco,0,0.45480258899676373,59.403333333333336,2012.905210355987,5,65,45,43
16,120,0.96,5.0,115.0,73.33,5.0,33,2,10.997835284835872,18,0,5.225182889802428,0.86,1,Baixo Risco,0,0.45480258899676373,59.403333333333336,2012.905210355987,0,25,27,19
161,62,3.92,21.0,243.0,32.26,5.0,95,16,27.37221392650027,64,0,12.851366024499193,1.38,0,Médio Risco,O0161AAA0A,0.10300000000000001,44.92,2011.93,23,98,62,51
165,49,4.98,17.0,717.0,2.78,5.0,77,10,21.83923947742643,45,0,9.194752756919002,2.79,0,Médio Risco,O0165AAA0A,0.9,18.97,2014.9,26,80,48,49
167,80,2.44,8.0,528.0,29.63,5.0,52,8,14.057704208690962,30,0,9.115105316316221,2.36,0,Médio Risco,O0167AAA0A,0.018000000000000002,41.68,2010.39,14,68,47,36
169,87,2.25,10.0,238.0,34.91,5.0,58,1,18.79716290649558,34,0,9.397810414118288,1.63,0,Médio Risco,O0169AAA0A,0.5379999999999999,42.95,2014.08,26,57,48,38
17,123,1.84,7.0,840.0,60.96,5.0,55,12,15.04121322360983,33,0,9.921339174450836,3.55,1,Baixo Risco,0,0.45480258899676373,59.403333333333336,2012.905210355987,7,74,61,77
18,157,0.91,5.0,577.0,72.9,5.0,29,12,6.852180744287248,20,0,6.714547261546099,1.56,1,Baixo Risco,0,0.45480258899676373,59.403333333333336,2012.905210355987,0,41,30,28
19,111,0.84,5.0,553.0,75.53,5.0,33,0,13.199927849730665,20,0,6.405952847473823,2.0,1,Baixo Risco,0,0.45480258899676373,59.403333333333336,2012.905210355987,0,33,8,10
20,159,0.81,5.0,564.0,78.37,5.0,38,10,11.397577019031802,24,0,8.571840483546245,2.37,1,Baixo Risco,0,0.45480258899676373,59.403333333333336,2012.905210355987,2,57,8,31
201,61,9.95,26.0,1462.0,0.68,5.0,105,38,27.554275443896092,54,0,15.887284132332034,6.74,0,Médio Risco,O0201AAA0A,1.0,26.07,2016.0,110,102,174,143
202,88,6.51,26.0,2557.0,23.41,5.0,116,24,35.8322812691626,48,0,15.771925157963622,10.13,0,Médio Risco,O0202AAA0A,0.9890000000000001,30.07,2015.74,119,100,151,127
209,118,3.43,13.0,1631.0,24.0,5.0,118,34,31.503590120432154,65,0,17.52012300598736,6.78,0,Médio Risco,O0209AAA0A,0.995,48.95,2014.3,43,164,117,74
210,108,3.08,13.0,922.0,25.75,5.0,130,22,38.973128715882716,56,0,14.498125815908518,4.83,0,Médio Risco,O0210AAA0A,0.929,25.68,2014.06,44,124,91,46
2110,171,7.01,40.0,7204.0,21.4,21.65,234,111,46.44248875657679,140,15,32.29349106580754,25.1,2,Alto Risco,0,0.45480258899676373,59.403333333333336,2012.905210355987,94,413,301,331
2111,204,10.61,76.0,9212.0,24.88,24.85,422,219,64.94466509121071,211,8,46.707054210723655,37.72,2,Alto Risco,0,0.45480258899676373,59.403333333333336,2012.905210355987,406,437,528,537
2111TP,154,11.92,76.0,1836.0,22.08,23.0,350,183,53.36888695895855,195,8,42.74799766477754,17.86,2,Alto Risco,0,0.45480258899676373,59.403333333333336,2012.905210355987,376,327,436,469
2112,99,6.27,21.0,4334.0,12.16,24.85,148,54,32.84306116467627,64,3,17.039595831091667,15.38,0,Médio Risco,0,0.45480258899676373,59.403333333333336,2012.905210355987,50,134,213,158
2112TP,99,6.04,21.0,833.0,12.32,23.0,148,54,32.84306116467627,64,3,17.039595831091667,13.89,0,Médio Risco,0,0.45480258899676373,59.403333333333336,2012.905210355987,50,134,213,158
2114,151,5.47,40.0,3432.0,21.53,24.85,186,65,45.62111040171769,88,8,19.776285022100645,14.16,0,Médio Risco,0,0.45480258899676373,59.403333333333336,2012.905210355987,81,265,225,176
2114TP,104,5.59,40.0,581.0,23.08,23.0,123,53,29.748949561287034,62,8,12.900890318675405,5.44,0,Médio Risco,0,0.45480258899676373,59.403333333333336,2012.905210355987,66,175,163,127
217,106,3.77,11.0,988.0,16.41,5.0,102,24,27.04141444595854,76,0,17.127822945155046,5.87,0,Médio Risco,O0217AAA0A,1.0,37.15,2017.91,63,173,89,99
22,54,1.38,4.0,415.0,62.13,5.0,25,0,8.885515232803382,22,0,5.640819140843833,1.38,1,Baixo Risco,0,0.45480258899676373,59.403333333333336,2012.905210355987,0,7,50,17
220,108,3.49,14.0,1800.0,29.65,5.0,113,32,26.49528259898354,69,0,17.320298889545427,7.98,0,Médio Risco,O0220AAA0A,1.0,39.55,2014.6,67,182,70,86
229,75,4.43,14.0,1262.0,21.75,5.0,79,19,19.72187569559196,52,0,12.266293511967628,4.85,0,Médio Risco,0,0.45480258899676373,59.403333333333336,2012.905210355987,46,134,61,85
2303,338,5.35,39.0,10354.0,31.54,24.85,322,154,59.261326022160205,182,17,42.351787601510736,38.38,2,Alto Risco,0,0.45480258899676373,59.403333333333336,2012.905210355987,192,466,577,335
2305,195,6.96,39.0,7249.0,17.2,16.6,237,68,73.2682611724756,100,6,28.772691108465825,26.84,2,Alto Risco,0,0.45480258899676373,59.403333333333336,2012.905210355987,153,243,460,145
2307,358,4.99,39.0,9052.0,35.5,24.85,331,153,67.93554368103706,163,10,39.201726522167874,31.64,2,Alto Risco,0,0.45480258899676373,59.403333333333336,2012.905210355987,176,454,599,315
2307TP,311,4.93,37.0,1534.0,35.69,20.0,277,131,57.74492350394267,138,10,33.096586802433485,12.04,2,Alto Risco,0,0.45480258899676373,59.403333333333336,2012.905210355987,155,391,517,275
2309,338,5.07,39.0,8632.0,36.74,24.85,323,141,68.5735614747647,168,13,40.16803473525626,33.52,2,Alto Risco,0,0.45480258899676373,59.403333333333336,2012.905210355987,179,437,586,294
2309TP,293,5.01,37.0,1467.0,36.18,23.0,265,128,56.747561306947055,142,13,34.11401917610744,10.44,0,Médio Risco,0,0.45480258899676373,59.403333333333336,2012.905210355987,158,371,509,259
2310,279,6.37,39.0,6170.0,17.03,24.85,304,127,66.68047476050027,173,27,36.322802954793474,25.14,2,Alto Risco,E2310AAA0A,0.0,85.5,2011.0,229,414,586,302
232,148,5.42,40.0,3613.0,19.52,5.0,202,81,46.09410663703839,85,7,19.736672259630243,13.47,0,Médio Risco,0,0.45480258899676373,59.403333333333336,2012.905210355987,104,242,261,184
2334,389,0.9,7.0,2787.0,75.94,24.85,71,23,17.276463482906173,58,0,14.86753100756375,9.54,1,Baixo Risco,0,0.45480258899676373,59.403333333333336,2012.905210355987,37,100,92,97
2334TP,315,0.92,7.0,290.0,75.56,23.0,57,19,13.352367366340482,42,0,11.150810719860011,2.98,1,Baixo Risco,0,0.45480258899676373,59.403333333333336,2012.905210355987,34,75,73,75
2335,471,0.93,10.0,4379.0,72.96,24.85,100,42,22.29242878091979,59,0,18.576077416233844,16.45,1,Baixo Risco,0,0.45480258899676373,59.403333333333336,2012.905210355987,52,171,101,124
2335TP,331,0.83,5.0,274.0,75.53,23.0,59,13,15.667679805133575,42,0,11.344091228348857,2.81,1,Baixo Risco,0,0.45480258899676373,59.403333333333336,2012.905210355987,20,85,57,68
2336,290,6.05,39.0,7126.0,24.72,24.85,319,142,67.71122155012065,163,10,40.081958607297395,28.82,2,Alto Risco,0,0.45480258899676373,59.403333333333336,2012.905210355987,181,430,561,291
2337,379,1.02,10.0,1108.0,70.51,24.85,89,29,22.00757445365875,53,0,14.968989684474803,7.15,1,Baixo Risco,0,0.45480258899676373,59.403333333333336,2012.905210355987,51,124,79,84
2338,414,1.02,10.0,3738.0,71.74,24.85,99,44,22.156370684405015,61,0,17.18436895064477,15.13,1,Baixo Risco,0,0.45480258899676373,59.403333333333336,2012.905210355987,42,160,111,114
2338TP,310,0.96,7.0,298.0,72.58,23.0,63,19,18.219560394048507,44,0,11.908771581473472,2.99,1,Baixo Risco,0,0.45480258899676373,59.403333333333336,2012.905210355987,26,88,70,60
2339,276,6.13,39.0,4317.0,25.43,24.85,313,133,67.35160053954245,163,10,40.86235289429588,18.89,2,Alto Risco,0,0.45480258899676373,59.403333333333336,2012.905210355987,182,426,548,285
2339TP,278,6.07,39.0,2822.0,25.16,20.0,317,133,68.52215491566004,163,10,40.98700748540561,16.94,2,Alto Risco,0,0.45480258899676373,59.403333333333336,2012.905210355987,186,428,550,285
2342,144,2.21,12.0,1888.0,43.85,21.65,109,24,29.444863728670914,50,0,14.007179835945626,7.26,1,Baixo Risco,E2342AAA0A,0.0,87.36,2013.0,59,116,89,67
2342TP,106,2.2,12.0,233.0,44.34,17.0,70,13,18.794629425399567,28,0,9.443098085335942,2.71,1,Baixo Risco,0,0.45480258899676373,59.403333333333336,2012.905210355987,44,74,61,53
2343,145,1.92,12.0,1495.0,48.4,21.65,111,18,32.319830268295476,40,0,12.506230331376809,5.73,1,Baixo Risco,0,0.45480258899676373,59.403333333333336,2012.905210355987,45,108,83,52
2344,91,3.21,17.0,876.0,32.97,21.65,76,20,18.199947671301015,36,0,10.403455390300428,3.42,0,Médio Risco,0,0.45480258899676373,59.403333333333336,2012.905210355987,42,94,83,80
2344TP,91,3.21,17.0,292.0,32.97,17.0,76,20,18.199947671301015,36,0,10.403455390300428,2.43,0,Médio Risco,0,0.45480258899676373,59.403333333333336,2012.905210355987,42,94,83,80
2345TP,162,5.11,23.0,828.0,17.9,17.0,194,64,43.35017987549873,93,7,22.976358359806735,9.18,0,Médio Risco,0,0.45480258899676373,59.403333333333336,2012.905210355987,81,293,213,226
238,101,5.95,28.0,1803.0,11.88,5.0,132,47,30.612789110808855,57,3,14.115915059641528,7.6,0,Médio Risco,O0238AAA0A,1.0,69.94,2015.84,70,132,226,137
2381,343,4.52,39.0,3104.0,43.15,24.85,282,139,57.89563681232604,149,10,35.02876664619557,15.64,2,Alto Risco,0,0.45480258899676373,59.403333333333336,2012.905210355987,169,397,519,278
2381TP,350,4.38,37.0,1532.0,42.57,23.0,293,136,59.72277223814651,153,10,34.790886696108345,18.06,2,Alto Risco,0,0.45480258899676373,59.403333333333336,2012.905210355987,168,397,499,272
2383,322,4.8,39.0,3092.0,39.13,24.85,282,125,62.57642945877884,158,15,35.67841469799799,14.92,2,Alto Risco,0,0.45480258899676373,59.403333333333336,2012.905210355987,192,391,519,265
239,136,5.8,20.0,2864.0,12.15,5.0,175,56,45.223255711446264,74,6,18.47319836874531,11.33,0,Médio Risco,O0239AAA0A,1.0,66.43,2014.84,97,163,275,138
247,127,4.13,19.0,1453.0,17.61,5.0,114,36,30.658642842637065,51,1,13.61418431242774,7.29,0,Médio Risco,O0247AAA0A,1.0,50.03,2015.91,92,159,121,86
249,148,5.05,20.0,1550.0,15.31,5.0,171,36,49.73932046178355,70,1,19.75020638307137,8.53,0,Médio Risco,0,0.45480258899676373,59.403333333333336,2012.905210355987,107,182,249,108
25,148,1.01,5.0,370.0,70.84,5.0,40,2,13.212548148310702,22,0,6.763071080122004,2.01,1,Baixo Risco,0,0.45480258899676373,59.403333333333336,2012.905210355987,0,34,45,31
254,140,4.6,19.0,1288.0,22.86,5.0,117,51,25.079872407968907,77,0,17.541668818203593,6.72,0,Médio Risco,O0254AAA0A,0.0,57.02,2011.0,73,192,169,185
2613,59,3.69,23.0,288.0,74.36,16.6,52,13,13.100345324419797,34,0,8.46722153836252,1.94,1,Baixo Risco,0,0.45480258899676373,59.403333333333336,2012.905210355987,9,91,32,34
2614,48,4.67,23.0,336.0,45.83,16.6,59,11,14.926805546047813,32,0,8.31174740518119,1.77,0,Médio Risco,0,0.45480258899676373,59.403333333333336,2012.905210355987,8,81,65,44
265,204,5.73,26.0,7795.0,12.64,5.0,242,114,51.39390365922142,184,7,41.176163605602724,15.02,2,Alto Risco,O0265AAA0A,0.778,101.48,2015.67,85,434,255,368
275,136,4.0,12.0,996.0,12.85,5.0,152,39,39.368829826459944,81,0,18.42001904041566,10.25,0,Médio Risco,O0275AAA0A,1.0,55.67,2013.14,76,215,114,108
277,158,4.51,18.0,2848.0,18.35,5.0,158,45,36.10038912862429,98,2,21.74289822421118,12.4,0,Médio Risco,O0277AAA0A,1.0,105.58,2017.0,66,235,224,221
28,124,0.48,3.0,117.0,88.84,5.0,19,0,6.972736021035618,20,0,5.963658054525288,1.54,1,Baixo Risco,0,0.45480258899676373,59.403333333333336,2012.905210355987,20,18,10,17
2802,293,0.86,5.0,1388.0,77.99,24.85,48,19,12.472827609304499,38,0,11.646670233857911,5.28,1,Baixo Risco,0,0.45480258899676373,59.403333333333336,2012.905210355987,9,94,39,66
2802TP,230,0.87,5.0,200.0,77.83,20.0,39,15,10.373960074101289,32,0,9.45776270384909,2.44,1,Baixo Risco,0,0.45480258899676373,59.403333333333336,2012.905210355987,7,75,31,54
2803,302,1.22,29.0,2936.0,78.23,24.85,81,40,13.439458605875744,49,0,12.966442194696501,10.84,1,Baixo Risco,0,0.45480258899676373,59.403333333333336,2012.905210355987,12,102,85,92
2803TP,300,1.19,29.0,588.0,78.74,20.0,78,40,12.615183595289334,44,0,12.3320602554856,10.35,1,Baixo Risco,0,0.45480258899676373,59.403333333333336,2012.905210355987,12,100,83,88
2804,312,0.89,13.0,2494.0,79.74,24.85,61,18,14.08139603468755,32,2,7.851889830674108,8.36,1,Baixo Risco,0,0.45480258899676373,59.403333333333336,2012.905210355987,49,57,65,57
2804TP,256,0.85,13.0,217.0,80.47,20.0,45,16,10.456258094238748,29,0,6.642937843183979,1.82,1,Baixo Risco,0,0.45480258899676373,59.403333333333336,2012.905210355987,40,41,48,42
292,182,4.83,21.0,4912.0,12.6,5.0,282,53,78.26602985057711,90,0,28.36993586297941,23.09,0,Médio Risco,O0292AAA0A,0.667,54.59,2013.58,102,250,263,106
296,258,6.94,26.0,13200.0,7.99,5.0,455,154,100.37429949942366,224,15,56.6020944970173,50.79,2,Alto Risco,O0296AAA0A,0.1,91.97,2011.6,190,665,449,319
298,274,6.53,32.0,8893.0,13.23,5.0,381,169,66.46767922044805,198,15,40.22975231112532,36.21,2,Alto Risco,O0298AAA0A,0.0,102.94,2011.0,280,531,503,407
300,280,5.18,39.0,12086.0,24.7,5.0,316,103,75.50654339352381,145,5,34.55336137930282,41.25,2,Alto Risco,0,0.45480258899676373,59.403333333333336,2012.905210355987,151,376,468,222
301,201,2.04,14.0,4703.0,56.93,5.0,139,29,40.62312266724575,85,0,18.563590279306723,9.42,1,Baixo Risco,O0301AAA0A,0.8440000000000001,79.78,2014.41,29,187,112,118
302,201,2.01,14.0,3184.0,59.58,5.0,143,34,37.79077740855376,95,0,20.05210603706601,12.21,1,Baixo Risco,O0302AAA0A,0.6859999999999999,88.25,2013.8,30,192,104,111
306,204,10.38,76.0,10494.0,25.02,5.0,422,219,64.94466509121071,211,8,46.707054210723655,40.38,2,Alto Risco,O0306AAA0A,0.0,104.04,2010.0,406,437,528,537
31,199,15.67,87.0,6160.0,23.41,5.0,494,316,63.50553031785799,229,37,57.29196771989413,33.04,2,Alto Risco,0,0.45480258899676373,59.403333333333336,2012.905210355987,584,431,1021,733
311,142,5.64,26.0,1602.0,13.38,5.0,217,50,55.36803272303476,120,0,30.4984853508441,16.44,0,Médio Risco,O0311AAA0A,0.778,35.79,2013.78,96,282,231,126
312,162,4.61,26.0,3969.0,15.33,5.0,167,46,37.49984126950533,90,0,21.92460731226677,14.95,0,Médio Risco,O0312AAA0A,0.0,57.89,2011.03,107,237,199,140
313,172,6.74,41.0,5073.0,8.37,5.0,325,43,89.54408331734072,123,2,28.815630822700115,24.54,2,Alto Risco,O0313AAA0A,0.0,60.0,2011.03,163,267,338,130
315,212,2.71,23.0,4903.0,42.41,5.0,152,56,38.43795247507586,67,0,17.172557734083608,14.61,0,Médio Risco,O0315AAA0A,0.2,93.41,2010.2,56,172,160,122
321,141,3.08,17.0,2688.0,37.07,5.0,112,29,28.105244384362894,50,2,13.269707793600288,9.75,0,Médio Risco,O0321AAA0A,1.0,69.02,2014.42,67,133,121,101
323,152,2.16,14.0,1179.0,47.34,5.0,106,22,28.5014619508076,43,2,12.769699189538661,4.76,1,Baixo Risco,O0323AAA0A,0.047,74.83,2013.03,69,114,94,75
324,195,3.99,39.0,4140.0,40.94,5.0,197,66,47.3392015141785,82,0,24.295135792755016,17.66,0,Médio Risco,O0324AAA0A,1.0,71.63,2014.99,108,205,306,140
325,183,1.86,12.0,2688.0,51.21,5.0,131,20,37.9360363921016,45,0,12.816429673088265,9.14,1,Baixo Risco,O0325AAA0A,1.0,69.46,2014.79,58,125,103,58
326,187,5.13,39.0,5442.0,28.93,5.0,201,90,43.33919374291259,101,3,25.964301021522452,20.54,2,Alto Risco,O0326AAA0A,1.0,62.04,2014.92,120,232,339,181
327,154,1.98,12.0,879.0,53.6,5.0,120,14,36.85880394927959,44,0,12.207668651836986,4.53,1,Baixo Risco,O0327AAA0A,0.07400000000000001,63.83,2012.33,58,118,86,45
328,194,4.31,39.0,4909.0,36.87,5.0,195,76,45.024860857509545,94,0,25.78081384128206,19.21,0,Médio Risco,O0328AAA0A,0.10400000000000001,71.45,2012.62,122,213,312,155
329,184,5.01,39.0,5521.0,30.04,5.0,211,78,47.334674695950206,91,3,25.103120655939705,17.39,2,Alto Risco,O0329AAA0A,1.0,56.94,2014.35,123,218,347,165
335,166,9.74,46.0,5562.0,16.81,5.0,286,126,56.87329275302625,126,5,32.67616691195543,22.2,2,Alto Risco,O0335AAA0A,0.062,46.1,2010.5,197,306,520,265
338,106,5.19,21.0,1626.0,14.38,5.0,130,41,34.5949349444326,58,2,15.578634105071925,7.58,0,Médio Risco,0,0.45480258899676373,59.403333333333336,2012.905210355987,69,136,178,118
341,179,5.84,40.0,5427.0,18.84,5.0,276,90,62.16069804106435,99,11,24.226849101591903,19.58,2,Alto Risco,O0341AAA0A,0.0,78.63,2010.0,109,342,345,265
342,206,6.54,39.0,8662.0,16.16,5.0,255,73,75.72286564144532,104,6,30.11424502827837,30.73,2,Alto Risco,O0342AAA0A,0.0,61.92,2011.0,154,257,468,154
343,215,3.91,22.0,4921.0,31.03,5.0,168,85,27.880698221768643,93,3,23.416789158481006,19.43,0,Médio Risco,O0343AAA0A,0.0,96.68,2010.0,79,276,235,213
348,181,6.72,79.0,7604.0,25.82,5.0,263,54,70.80893137101252,121,5,29.61488927324677,28.35,2,Alto Risco,O0348AAA0A,0.7809999999999999,82.35,2010.06,142,255,397,153
35,195,15.09,87.0,14547.0,32.47,5.0,447,251,66.15134163416491,179,31,43.692083818533966,48.03,2,Alto Risco,0,0.45480258899676373,59.403333333333336,2012.905210355987,446,367,768,647
350,172,5.61,48.0,3647.0,13.23,5.0,185,63,37.16373039864079,63,13,15.675837587126598,14.65,0,Médio Risco,O0350AAA0A,0.5429999999999999,68.36,2013.54,123,179,277,171
353,231,14.9,87.0,12965.0,6.9,5.0,545,370,57.291235929116716,273,32,60.06480497846846,50.59,2,Alto Risco,O0353AAA0A,0.109,95.22,2010.47,471,630,858,871
355,207,9.81,39.0,15222.0,9.15,5.0,359,168,74.12537641436587,184,21,39.961371746776386,54.2,2,Alto Risco,O0355AAA0A,1.0,126.45,2015.0,333,287,699,344
361,243,2.69,23.0,4174.0,41.12,5.0,186,59,48.44830332672234,69,0,20.62462120864284,16.02,0,Médio Risco,O0361AAA0A,0.0,127.85,2010.8,69,205,167,121
362,240,6.66,39.0,7507.0,15.08,5.0,277,142,52.31589032934812,158,9,37.11144106567426,25.27,2,Alto Risco,0,0.45480258899676373,59.403333333333336,2012.905210355987,161,382,544,304
363,207,5.58,77.0,3638.0,19.02,5.0,224,112,44.780948329991105,85,10,23.374975780813617,14.95,2,Alto Risco,0,0.45480258899676373,59.403333333333336,2012.905210355987,154,293,328,293
368,231,8.05,79.0,9322.0,25.91,5.0,364,187,68.04865206320437,157,24,39.928536705948304,38.1,2,Alto Risco,O0368AAA0A,0.7809999999999999,104.28,2010.0,181,533,581,418
369,242,6.36,39.0,6453.0,17.04,5.0,296,123,63.178884356812034,164,12,37.41415294483774,24.6,2,Alto Risco,O0369AAA0A,0.016,62.41,2011.32,180,389,501,257
371,210,13.61,87.0,10715.0,9.4,5.0,553,411,54.302942128484375,274,45,63.60508536318437,60.85,2,Alto Risco,O0371AAA0A,1.0,79.95,2017.0,584,693,743,855
378,264,5.96,39.0,7501.0,13.9,5.0,314,128,66.3511581698179,153,5,37.465902372420054,27.83,2,Alto Risco,0,0.45480258899676373,59.403333333333336,2012.905210355987,168,392,482,267
383,247,6.73,77.0,6195.0,25.3,5.0,309,126,72.64722326158824,110,18,30.8291223133046,24.72,2,Alto Risco,0,0.45480258899676373,59.403333333333336,2012.905210355987,186,358,532,351
384,282,6.5,39.0,9394.0,14.52,5.0,333,158,66.007575322837,152,5,40.818704862681116,37.47,2,Alto Risco,O0384AAA0A,0.0,74.71,2011.0,188,488,547,338
386,281,5.59,39.0,11520.0,22.83,5.0,303,125,58.414773082549196,160,8,35.94135218799439,36.74,2,Alto Risco,O0386AAA0A,0.0,87.56,2011.0,164,400,487,289
388,348,4.91,39.0,7895.0,33.11,5.0,338,159,60.93282796497733,190,17,43.53434426329151,34.89,2,Alto Risco,O0388AAA0A,0.321,126.97,2012.41,187,475,585,346
390,198,4.65,40.0,2778.0,27.76,5.0,208,101,43.337545582818336,95,8,21.826722087877727,13.93,0,Médio Risco,O0390AAA0A,0.267,97.16,2010.33,96,300,269,225
393,330,5.53,39.0,9476.0,20.96,5.0,312,133,77.77041915303077,160,22,35.59300940972229,31.32,2,Alto Risco,O0393AAA0A,0.015,94.29,2011.31,215,412,583,289
397,306,5.22,39.0,7538.0,28.39,5.0,311,131,65.13685227127208,164,15,37.65496964718515,27.26,2,Alto Risco,O0397AAA0A,0.008,100.72,2011.31,224,400,545,293
399,271,6.65,39.0,5210.0,14.29,5.0,324,142,72.73435030496742,158,10,38.57739726459193,23.82,2,Alto Risco,O0399AAA0A,0.2,83.95,2012.2,193,449,550,293
40,164,15.77,87.0,4840.0,29.97,5.0,437,245,62.99584264438559,179,31,42.855482628297956,30.64,2,Alto Risco,0,0.45480258899676373,59.403333333333336,2012.905210355987,440,351,762,623
409,127,2.94,14.0,2068.0,34.66,5.0,82,43,13.1710360441459,63,4,13.923640099599973,9.88,0,Médio Risco,O0409AAA0A,1.0,70.1,2017.02,42,143,114,110
41,152,16.2,87.0,11971.0,34.1,5.0,434,245,58.22207076195009,179,34,41.49102836496836,44.31,2,Alto Risco,0,0.45480258899676373,59.403333333333336,2012.905210355987,440,367,708,607
410,138,5.59,26.0,2090.0,21.93,5.0,131,67,22.00541059008205,69,5,18.268330083999768,8.65,0,Médio Risco,0,0.45480258899676373,59.403333333333336,2012.905210355987,127,183,237,218
415,200,3.02,14.0,3677.0,32.24,5.0,146,61,30.342489460600735,88,0,22.584463044635193,13.31,0,Médio Risco,O0415AAA0A,0.304,76.48,2013.26,99,248,133,133
416,58,3.29,21.0,573.0,44.83,5.0,51,11,12.880402241574675,36,0,8.799600616760555,2.32,0,Médio Risco,O0416AAA0A,1.0,49.09,2017.44,31,77,53,59
42,137,9.1,32.0,4732.0,16.54,5.0,248,101,51.03873412372588,136,0,31.86963936167898,18.83,0,Médio Risco,0,0.45480258899676373,59.403333333333336,2012.905210355987,258,169,454,209
422,191,4.42,40.0,5716.0,17.4,5.0,196,92,36.160357141093456,138,6,27.686096285612965,21.34,2,Alto Risco,0,0.45480258899676373,59.403333333333336,2012.905210355987,102,321,287,229
426,152,5.15,26.0,2138.0,30.12,5.0,144,47,31.532296368734613,91,2,20.281666955473693,10.18,0,Médio Risco,O0426AAA0A,0.326,75.57,2013.88,121,207,206,227
43,202,15.05,87.0,3041.0,13.86,5.0,496,333,58.693716707603215,223,29,58.97713570725425,23.31,2,Alto Risco,0,0.45480258899676373,59.403333333333336,2012.905210355987,628,421,926,716
435,185,4.43,40.0,3231.0,28.9,5.0,161,41,42.443800377395405,73,0,17.933401352168836,14.19,0,Médio Risco,O0435AAA0A,0.9940000000000001,91.19,2014.96,95,195,246,210
448,49,0.54,4.0,172.0,80.37,5.0,8,0,2.9113897843110044,10,0,2.507597152307537,0.58,1,Baixo Risco,O0448AAA0A,0.0,32.06,2012.0,3,9,0,5
455,208,3.5,19.0,5193.0,25.62,5.0,164,51,39.626830737339,76,0,20.64117174519152,19.23,0,Médio Risco,O0455AAA0A,1.0,73.13,2016.2,99,238,165,129
457,177,5.25,19.0,5810.0,21.61,5.0,175,47,39.727644207600754,99,6,25.512962036660074,13.44,0,Médio Risco,O0457AAA0A,0.856,79.87,2014.93,72,319,219,251
46,247,14.44,87.0,23980.0,21.07,5.0,570,335,85.85203217496618,268,37,63.9553597713144,74.15,2,Alto Risco,0,0.45480258899676373,59.403333333333336,2012.905210355987,665,482,1129,769
461,51,3.75,21.0,573.0,43.14,5.0,56,16,13.960829556468408,42,0,8.868503950432709,2.41,0,Médio Risco,O0461AAA0A,0.9620000000000001,37.12,2013.96,23,77,56,50
472,186,3.39,13.0,2228.0,15.05,5.0,166,60,35.37620938535092,92,0,23.487276851798793,10.99,0,Médio Risco,O0472AAA0A,0.722,73.78,2013.75,67,240,152,134
473,113,4.21,21.0,2506.0,25.71,5.0,131,28,33.479915798949705,100,0,19.849250706845044,10.26,0,Médio Risco,O0473AAA0A,0.638,55.49,2013.8,30,166,118,96
474,150,4.17,17.0,2975.0,18.21,5.0,119,47,22.41598069405375,77,5,15.229405195499123,10.91,0,Médio Risco,O0474AAA0A,0.7829999999999999,54.06,2013.61,95,161,168,161
476,108,4.62,21.0,2420.0,19.47,5.0,85,51,12.047524938461724,56,0,13.602802354076088,10.34,0,Médio Risco,O0476AAA0A,0.941,54.04,2013.82,67,139,145,127
483,258,3.3,17.0,8532.0,24.71,5.0,227,50,55.48830850685918,108,0,25.765244537689846,28.62,2,Alto Risco,O0483AAA0A,0.695,66.74,2013.08,122,261,243,149
485,134,3.26,20.0,2285.0,40.43,5.0,127,37,36.16364920482339,54,6,13.351369142189668,9.92,0,Médio Risco,O0485AAA0A,0.75,71.66,2013.25,73,143,184,156
486,119,4.25,24.0,2590.0,30.49,5.0,109,35,25.578078411759066,54,7,14.502373618815305,9.92,0,Médio Risco,O0486AAA0A,1.0,78.42,2014.0,77,115,207,130
492,122,3.04,17.0,2688.0,33.45,5.0,64,40,8.978811035936083,36,0,9.800085033644692,10.78,0,Médio Risco,O0492AAA0A,1.0,58.77,2014.94,26,101,126,115
497,158,4.98,20.0,2531.0,9.45,5.0,181,43,50.75431016179808,100,6,22.83335977994872,10.5,0,Médio Risco,O0497AAA0A,0.894,68.18,2013.79,74,227,268,146
498,147,5.56,20.0,2586.0,10.32,5.0,192,67,50.267380315762665,86,0,20.047362398341452,10.47,0,Médio Risco,O0498AAA0A,1.0,61.52,2014.0,87,201,271,175
50,117,1.17,4.0,447.0,70.68,5.0,28,0,12.218253323847655,31,0,8.846107798823494,2.41,1,Baixo Risco,0,0.45480258899676373,59.403333333333336,2012.905210355987,0,14,77,26
507,28,5.33,21.0,400.0,20.0,5.0,31,10,8.462803768199262,15,0,4.4818474451657915,1.38,0,Médio Risco,O0507AAA0A,1.0,24.98,2017.73,14,40,53,39
51,108,1.81,8.0,1243.0,60.9,5.0,52,0,18.86670031967384,56,0,13.117915617388592,4.57,1,Baixo Risco,0,0.45480258899676373,59.403333333333336,2012.905210355987,16,58,19,10
513,22,0.11,2.0,4.0,94.59,5.0,1,0,0.48795003647426655,1,0,0.2823298512866399,0.03,1,Baixo Risco,O0513AAA0A,0.18,16.52,2011.43,0,0,2,1
518,47,0.81,6.0,76.0,72.34,5.0,15,0,6.6296591882525115,17,0,3.8664292780702514,0.43,1,Baixo Risco,O0518AAA0A,1.0,62.0,2018.0,0,3,35,15
519,45,1.38,6.0,186.0,53.33,5.0,20,0,9.063269671749659,24,0,5.602147621315818,0.73,1,Baixo Risco,O0519AAA0A,1.0,67.0,2017.0,0,6,55,20
52,136,1.6,8.0,962.0,63.0,5.0,56,0,19.56186766816161,56,0,14.141879423301146,4.16,1,Baixo Risco,0,0.45480258899676373,59.403333333333336,2012.905210355987,16,35,70,20
53,103,1.39,8.0,380.0,76.19,5.0,48,0,18.765469808743322,30,0,9.210894620510263,2.5,1,Baixo Risco,0,0.45480258899676373,59.403333333333336,2012.905210355987,16,37,65,19
539,119,4.48,14.0,2454.0,35.95,5.0,98,24,30.127506811328857,52,0,14.587069914676222,9.3,0,Médio Risco,O0539AAA0A,1.0,68.6,2017.15,74,110,136,68
550,138,3.58,22.0,4957.0,45.82,5.0,99,44,18.98244803320513,61,3,16.2204022538087,15.83,0,Médio Risco,O0550AAA0A,0.0,91.85,2011.0,36,180,124,160
552,162,1.13,4.0,1475.0,69.45,5.0,48,0,16.590301240125065,32,0,9.27117630858822,4.58,1,Baixo Risco,O0552AAA0A,0.14300000000000002,85.87,2010.71,19,50,83,36
553,277,1.3,6.0,2653.0,63.62,5.0,72,18,21.122094052031326,47,0,12.133018788724273,8.75,1,Baixo Risco,O0553AAA0A,0.04,111.62,2010.6,28,85,142,90
554,313,0.75,10.0,3212.0,80.18,5.0,59,14,14.105048066291054,40,0,11.108163860324805,10.14,1,Baixo Risco,O0554AAA0A,0.024,131.48,2010.56,31,98,65,60
555,99,3.41,22.0,1535.0,53.11,5.0,74,25,18.714649214935747,43,0,12.785861757017601,7.07,1,Baixo Risco,O0555AAA0A,0.0,63.0,2010.0,17,120,94,115
557,155,2.85,22.0,2732.0,62.67,5.0,113,41,24.824143393843325,54,3,14.346387718854881,10.74,1,Baixo Risco,O0557AAA0A,0.0,90.08,2010.0,40,140,125,154
565,173,3.4,23.0,3263.0,49.12,5.0,142,36,36.468512184518595,47,0,14.863082852627107,13.06,0,Médio Risco,O0565AAA0A,0.0,75.33,2010.48,41,128,193,126
583,94,2.32,11.0,654.0,40.43,5.0,57,11,18.188169886206907,27,0,7.052083667822655,2.43,1,Baixo Risco,O0583AAA0A,0.9129999999999999,60.48,2014.03,19,46,97,68
584,89,1.96,11.0,263.0,50.75,5.0,51,11,15.868507296199091,18,0,5.684966189847583,1.43,1,Baixo Risco,O0584AAA0A,0.62,59.95,2013.59,19,40,71,63
585,54,1.81,7.0,98.0,55.56,5.0,28,6,8.12403840463596,16,0,4.6896432298404545,0.64,1,Baixo Risco,O0585AAA0A,0.043,44.64,2013.09,5,23,40,28
60,149,7.48,39.0,7578.0,13.13,5.0,208,89,44.406670455601386,101,5,25.483583803661933,25.71,2,Alto Risco,0,0.45480258899676373,59.403333333333336,2012.905210355987,111,230,399,195
600,152,5.93,79.0,4146.0,31.33,5.0,178,107,26.371882573608403,76,13,19.884038825148174,16.47,2,Alto Risco,O0600AAA0A,0.33299999999999996,79.09,2011.67,81,245,280,241
601,166,6.62,40.0,7524.0,20.77,5.0,256,104,47.95632934044811,112,14,25.761412273375864,26.35,2,Alto Risco,O0601AAA0A,0.0,99.39,2010.0,94,347,399,375
603,32,4.34,11.0,798.0,29.35,5.0,35,6,11.936339073442513,33,0,7.294528423930928,1.38,0,Médio Risco,O0603AAA0A,0.151,15.3,2012.45,20,63,32,47
606,143,4.71,40.0,4225.0,9.14,5.0,157,55,40.28824713415635,79,1,23.647164857485592,11.3,0,Médio Risco,0,0.45480258899676373,59.403333333333336,2012.905210355987,65,270,240,232
607,178,5.99,40.0,3472.0,6.9,5.0,232,132,31.96798994232169,122,16,30.971907561062732,14.86,0,Médio Risco,O0607AAA0A,1.0,74.61,2017.0,113,346,373,390
608,39,5.0,11.0,635.0,3.15,5.0,61,17,13.91470616358993,51,0,13.701792964235834,2.99,0,Médio Risco,O0608AAA0A,0.43200000000000005,20.25,2013.25,18,106,62,97
61,150,7.45,39.0,2199.0,12.88,5.0,209,88,45.20113778593253,101,5,25.66559615685863,15.16,0,Médio Risco,0,0.45480258899676373,59.403333333333336,2012.905210355987,110,229,396,192
610,46,8.16,22.0,873.0,25.23,5.0,114,37,27.045816505999415,54,0,14.273467835742336,7.81,0,Médio Risco,O0610AAA0A,0.055999999999999994,36.07,2010.03,29,143,111,90
611,92,4.88,79.0,1094.0,34.82,5.0,94,30,21.137869424554683,54,1,13.053332630160897,7.45,0,Médio Risco,O0611AAA0A,0.043,65.01,2010.04,50,115,89,76
613,106,2.39,23.0,1342.0,80.78,5.0,62,14,15.74499164511566,43,0,10.481090633591775,5.55,1,Baixo Risco,O0613AAA0A,0.253,41.14,2010.7,11,116,42,42
614,48,4.67,23.0,672.0,45.83,5.0,59,11,14.926805546047813,32,0,8.31174740518119,2.48,0,Médio Risco,O0614AAA0A,0.615,34.12,2010.38,8,81,65,44
616,38,6.66,24.0,599.0,55.56,5.0,50,12,13.100345324419797,30,0,7.3306978136315655,2.4,0,Médio Risco,O0616AAA0A,1.0,24.02,2015.0,32,71,60,33
621,190,6.16,34.0,3880.0,8.73,5.0,243,97,56.4142839055095,119,6,29.16656314681422,17.29,0,Médio Risco,O0621AAA0A,0.0,73.43,2011.12,173,389,311,265
622,180,6.95,34.0,4961.0,8.26,5.0,261,93,58.90589751378686,118,6,28.255786889655422,21.51,2,Alto Risco,O0622AAA0A,0.0,68.26,2011.12,182,389,335,252
623,154,7.2,41.0,9128.0,13.25,5.0,258,84,68.27988618284931,129,5,29.806501576533336,31.37,2,Alto Risco,O0623AAA0A,0.0,74.1,2011.65,115,396,323,229
624,232,6.28,77.0,7328.0,17.15,5.0,324,143,70.88891376821975,207,19,47.179506113369285,28.35,2,Alto Risco,O0624AAA0A,1.0,113.43,2017.0,136,544,349,474
625,154,6.59,40.0,1971.0,3.68,5.0,215,104,41.584108686349104,132,10,28.803651892057726,11.33,0,Médio Risco,O0625AAA0A,0.0,72.31,2011.26,111,371,339,249
626,20,4.55,11.0,91.0,25.0,5.0,27,0,10.392304845413264,32,0,7.348345963942981,0.86,0,Médio Risco,O0626AAA0A,1.0,9.8,2015.0,7,53,19,39
627,112,7.97,40.0,2990.0,4.0,5.0,148,57,32.21726836577522,105,0,31.08788384144425,11.52,0,Médio Risco,O0627AAA0A,0.986,54.18,2013.95,59,346,209,238
628,69,7.27,37.0,2515.0,20.23,5.0,177,28,54.30995699290718,41,0,13.933004815487784,10.57,0,Médio Risco,O0628AAA0A,0.0,27.61,2011.2,77,143,163,59
629,185,7.38,54.0,5139.0,10.92,5.0,260,123,48.3036033359634,175,5,42.910422368302164,18.88,2,Alto Risco,0,0.45480258899676373,59.403333333333336,2012.905210355987,153,472,332,274
630,129,6.76,40.0,2190.0,10.49,5.0,168,75,31.56927378985851,108,8,25.653735214092755,10.73,0,Médio Risco,O0630AAA0A,0.27899999999999997,66.16,2013.26,106,297,229,186
634,190,5.44,48.0,6967.0,31.62,5.0,218,81,47.484834671814156,109,6,24.35545946594113,15.86,2,Alto Risco,O0634AAA0A,0.21899999999999997,99.88,2013.06,146,253,353,212
635,106,1.8,12.0,382.0,54.72,5.0,53,7,17.29849979732622,35,0,7.815698620567213,1.94,1,Baixo Risco,O0635AAA0A,0.0,98.86,2012.5,22,72,49,68
636,225,14.67,87.0,16060.0,11.05,5.0,475,346,53.46293776333016,221,33,50.68914570944773,53.36,2,Alto Risco,O0636AAA0A,0.179,79.3,2010.86,468,518,812,899
638,202,5.79,40.0,3902.0,9.64,5.0,236,77,55.35857141013872,116,2,31.127950066818066,17.28,2,Alto Risco,O0638AAA0A,0.5,79.51,2013.0,103,358,359,413
639,237,6.74,40.0,4622.0,22.16,5.0,315,197,39.84912020299044,120,24,26.952319681835995,19.77,2,Alto Risco,0,0.45480258899676373,59.403333333333336,2012.905210355987,217,347,658,436
645,155,1.57,11.0,1665.0,65.91,5.0,52,20,10.939226054281292,35,0,9.899128932546965,5.4,1,Baixo Risco,O0645AAA0A,0.9059999999999999,63.43,2013.44,19,78,87,74
650,160,4.95,19.0,1815.0,14.44,5.0,164,48,41.46369611163596,89,6,27.0393902148034,9.7,0,Médio Risco,O0650AAA0A,0.267,63.22,2012.6,88,279,236,311
651,124,8.71,40.0,3240.0,13.71,5.0,231,98,43.94206142074768,112,15,27.880178403770785,14.62,0,Médio Risco,0,0.45480258899676373,59.403333333333336,2012.905210355987,96,256,426,302
652,135,7.85,40.0,3180.0,16.3,5.0,242,89,51.732830139919024,108,8,27.941968849535385,14.8,0,Médio Risco,0,0.45480258899676373,59.403333333333336,2012.905210355987,90,230,441,296
653,150,5.03,77.0,2466.0,7.76,5.0,177,77,35.803697601012686,107,0,23.61097755006271,10.61,2,Alto Risco,0,0.45480258899676373,59.403333333333336,2012.905210355987,81,178,250,314
663,72,8.31,37.0,1794.0,18.06,5.0,118,43,27.957450663804227,65,0,16.116199429703364,7.76,0,Médio Risco,O0663AAA0A,1.0,53.01,2015.0,102,147,181,112
665,178,7.57,39.0,4592.0,11.37,5.0,215,101,41.262804650423945,108,15,24.342215968577502,17.62,2,Alto Risco,O0665AAA0A,0.11900000000000001,79.35,2010.69,136,283,479,254
669,202,5.51,24.0,5082.0,8.46,5.0,192,111,32.4902915902435,138,4,34.98444271221221,18.0,0,Médio Risco,0,0.45480258899676373,59.403333333333336,2012.905210355987,63,349,305,364
67,105,3.34,29.0,1316.0,45.69,5.0,91,17,27.74200871636817,55,0,12.73788142464852,4.61,0,Médio Risco,0,0.45480258899676373,59.403333333333336,2012.905210355987,36,91,92,73
678,155,12.32,87.0,5201.0,4.74,5.0,400,266,45.84393816707577,186,31,39.40533970290637,41.99,2,Alto Risco,0,0.45480258899676373,59.403333333333336,2012.905210355987,363,463,612,644
679,130,5.2,19.0,1612.0,9.35,5.0,199,48,55.871451096414596,93,5,19.485222940563915,9.37,0,Médio Risco,O0679AAA0A,0.0,58.76,2011.6,88,251,193,140
68,81,5.03,15.0,996.0,11.11,5.0,105,25,33.75612819142904,63,0,13.84692452642751,6.97,0,Médio Risco,0,0.45480258899676373,59.403333333333336,2012.905210355987,34,115,89,61
687,152,8.99,23.0,4682.0,1.92,5.0,322,124,65.55513855126988,177,18,43.56801695566687,21.39,0,Médio Risco,O0687AAA0A,0.125,43.99,2011.75,101,530,415,272
688,139,8.38,23.0,5547.0,2.72,5.0,273,115,53.89495956642575,124,13,32.54784660834846,21.22,0,Médio Risco,O0688AAA0A,0.0,35.61,2011.0,100,428,348,259
691,131,5.02,79.0,2434.0,28.66,5.0,128,51,24.46669261708757,67,5,17.379345979255568,9.32,0,Médio Risco,0,0.45480258899676373,59.403333333333336,2012.905210355987,34,122,213,148
692,126,4.3,23.0,4160.0,32.44,5.0,108,28,33.505507720657626,72,1,19.919220926503137,12.78,0,Médio Risco,O0692AAA0A,0.062,71.2,2010.48,16,204,157,190
693,85,3.62,23.0,1507.0,36.54,5.0,66,15,19.42506971244462,38,0,10.733852044356908,4.78,0,Médio Risco,O0693AAA0A,0.25,56.45,2010.5,11,69,127,83
696,163,5.32,39.0,5730.0,43.78,5.0,161,80,30.298514815086232,93,4,20.792801151123072,20.99,0,Médio Risco,O0696AAA0A,1.0,95.2,2014.92,138,215,265,193
711,191,6.38,26.0,6069.0,10.5,5.0,246,120,48.48612958264211,173,6,41.453920637641545,13.11,2,Alto Risco,O0711AAA0A,0.833,91.02,2013.59,184,438,289,251
712,80,11.54,32.0,2124.0,3.26,5.0,155,68,29.13678741646685,97,0,22.31136709054995,9.59,0,Médio Risco,O0712AAA0A,0.5,39.59,2013.0,134,159,322,205
721,124,13.0,43.0,5044.0,5.67,5.0,327,100,73.7515133016653,159,16,36.368484525295614,24.22,2,Alto Risco,O0721AAA0A,1.0,41.13,2015.0,273,215,534,231
73,78,9.37,39.0,1406.0,18.67,5.0,153,59,34.22474738158535,64,5,16.266741654614513,7.84,0,Médio Risco,0,0.45480258899676373,59.403333333333336,2012.905210355987,99,117,307,125
731,167,5.61,45.0,4153.0,40.81,5.0,172,71,37.33056962559544,96,0,22.555848561910192,17.7,0,Médio Risco,O0731AAA0A,0.8420000000000001,74.33,2017.63,149,138,324,148
737,263,6.95,45.0,6723.0,22.83,5.0,365,191,70.10909865549345,166,2,38.892619731322,32.25,2,Alto Risco,O0737AAA0A,1.0,87.14,2019.0,333,368,723,385
741,140,4.51,26.0,2389.0,42.64,5.0,137,41,34.61626372510058,78,4,17.774707237850762,10.18,0,Médio Risco,0,0.45480258899676373,59.403333333333336,2012.905210355987,108,142,267,114
745,120,5.46,77.0,1448.0,44.15,5.0,128,72,22.881683254765775,55,8,12.944068643339243,6.56,0,Médio Risco,0,0.45480258899676373,59.403333333333336,2012.905210355987,112,125,214,174
746,122,5.33,77.0,1759.0,44.55,5.0,143,70,28.970428272390354,69,4,15.457984194658723,8.58,0,Médio Risco,O0746AAA0A,0.5,64.67,2014.5,105,139,203,166
753,207,2.77,29.0,1586.0,62.41,5.0,117,48,24.301675427250455,91,0,21.40550518380524,10.4,1,Baixo Risco,0,0.45480258899676373,59.403333333333336,2012.905210355987,41,182,212,122
754,165,3.02,29.0,1323.0,46.58,5.0,111,46,21.868655542536107,94,0,20.51863769244009,7.7,0,Médio Risco,0,0.45480258899676373,59.403333333333336,2012.905210355987,26,136,134,108
756,187,3.53,29.0,2954.0,49.28,5.0,131,61,25.73583752927682,99,0,23.206032136843906,11.57,0,Médio Risco,O0756AAA0A,0.0,95.5,2010.0,40,211,223,147
757,273,2.66,29.0,1296.0,56.35,5.0,135,70,24.664414311581236,118,0,26.511550668351703,8.8,1,Baixo Risco,O0757AAA0A,0.0,135.56,2010.4,68,223,260,156
759,173,3.72,29.0,4335.0,46.65,5.0,114,76,16.667619020409717,97,0,21.812773813737568,15.71,0,Médio Risco,O0759AAA0A,0.11,81.03,2011.88,50,206,212,159
764,70,2.67,24.0,528.0,36.87,5.0,50,3,17.8232058470598,53,0,11.671841502435296,2.38,0,Médio Risco,0,0.45480258899676373,59.403333333333336,2012.905210355987,10,42,32,35
765,79,5.74,29.0,1256.0,24.2,5.0,113,9,34.575658930470006,54,0,14.322122342927988,4.93,0,Médio Risco,0,0.45480258899676373,59.403333333333336,2012.905210355987,27,99,135,66
766,118,21.7,87.0,11781.0,5.52,5.0,361,282,28.168709421558354,197,30,42.791963894089314,44.06,2,Alto Risco,O0766AAA0A,0.0,71.72,2010.25,416,377,576,665
770,116,4.85,29.0,1406.0,39.31,5.0,123,42,25.1907012322291,78,0,18.269668773720266,6.59,0,Médio Risco,O0770AAA0A,0.136,56.44,2010.61,34,167,194,113
771,123,4.56,29.0,1896.0,43.75,5.0,120,44,23.523038352503132,79,0,18.849518503826218,7.59,0,Médio Risco,O0771AAA0A,0.051,57.62,2010.28,35,170,189,118
774,109,9.12,32.0,6089.0,13.62,5.0,227,97,47.95136424892761,103,7,23.785728274854595,22.05,2,Alto Risco,0,0.45480258899676373,59.403333333333336,2012.905210355987,146,149,416,197
775,101,14.55,77.0,5224.0,5.57,5.0,263,164,37.019943145231736,138,22,28.914385116524038,20.44,2,Alto Risco,0,0.45480258899676373,59.403333333333336,2012.905210355987,226,249,565,343
778,109,10.33,36.0,3470.0,16.07,5.0,205,114,33.478493451909145,93,20,19.053509699896708,14.63,0,Médio Risco,0,0.45480258899676373,59.403333333333336,2012.905210355987,171,254,408,294
779,112,4.64,77.0,2620.0,12.74,5.0,114,50,23.257359306352086,58,5,14.852657986884445,9.67,0,Médio Risco,O0779AAA0A,0.294,51.81,2012.76,59,183,138,222
780,143,4.4,77.0,1641.0,16.35,5.0,110,64,15.638779638176011,71,2,18.918158978358193,9.32,0,Médio Risco,O0780AAA0A,0.667,45.99,2015.0,59,176,141,215
783,102,10.14,87.0,4148.0,13.2,5.0,230,115,40.85281362345048,139,2,36.15182858646195,18.1,2,Alto Risco,O0783AAA0A,0.0,46.7,2011.0,259,171,288,291
785,134,9.89,32.0,2590.0,8.02,5.0,229,97,40.67525280162608,139,6,32.42549989558003,13.1,0,Médio Risco,0,0.45480258899676373,59.403333333333336,2012.905210355987,142,245,413,237
786,177,2.43,13.0,1928.0,53.09,5.0,108,58,19.112449196419444,54,3,13.60519934713793,9.07,1,Baixo Risco,O0786AAA0A,0.003,72.92,2011.26,84,144,143,166
788,155,2.73,15.0,1831.0,44.56,5.0,100,34,28.716180937218088,74,0,14.980905721346893,7.43,0,Médio Risco,O0788AAA0A,0.0,55.58,2011.33,73,93,100,76
790,177,5.68,32.0,2333.0,38.69,5.0,218,106,38.34803030888847,114,14,26.52313045768471,12.8,0,Médio Risco,O0790AAA0A,0.429,78.91,2013.86,163,275,397,305
791,98,2.76,24.0,940.0,41.35,5.0,63,15,16.964949861686115,53,0,12.859328086668437,3.88,0,Médio Risco,0,0.45480258899676373,59.403333333333336,2012.905210355987,21,65,78,54
793,102,2.99,17.0,1076.0,45.0,5.0,55,18,13.622460444847274,46,0,12.15651253861276,4.75,0,Médio Risco,O0793AAA0A,0.7140000000000001,48.17,2015.29,16,120,63,89
794,182,4.99,77.0,2361.0,45.24,5.0,233,73,51.77147587509665,100,4,22.963108409492104,13.77,2,Alto Risco,O0794AAA0A,0.0,71.88,2010.0,174,168,353,207
796,89,3.55,26.0,929.0,37.02,5.0,81,20,24.039649787481554,54,0,11.916071232717119,3.82,0,Médio Risco,O0796AAA0A,0.0,41.6,2010.11,13,69,75,51
798,112,3.62,29.0,1307.0,42.38,5.0,102,23,29.033642226775147,59,0,14.10724965234624,6.65,0,Médio Risco,O0798AAA0A,0.032,43.5,2010.14,21,100,101,79
799,189,5.12,26.0,2207.0,28.07,5.0,200,50,57.11308748355986,112,7,27.167455754522045,12.46,0,Médio Risco,O0799AAA0A,0.2,56.81,2011.85,100,230,316,133
80,70,6.56,39.0,2172.0,16.62,5.0,86,30,22.06591856018602,54,0,12.932096907879348,7.71,0,Médio Risco,0,0.45480258899676373,59.403333333333336,2012.905210355987,71,80,192,77
801,183,4.77,58.0,2407.0,49.5,5.0,153,92,20.391408087955178,91,9,22.911890147801593,12.46,0,Médio Risco,O0801AAA0A,0.214,74.8,2012.0,150,151,315,207
802,90,3.88,29.0,609.0,49.68,5.0,79,16,19.27618812347059,39,0,9.659417571783868,2.74,0,Médio Risco,O0802AAA0A,1.0,36.9,2015.49,74,29,111,56
803,123,4.99,58.0,1795.0,51.39,5.0,113,50,19.672315572906,53,7,12.107534484953897,7.88,0,Médio Risco,O0803AAA0A,0.305,53.61,2013.08,81,122,165,166
804,118,0.87,5.0,258.0,82.03,5.0,35,6,9.26334301478272,24,0,6.652884304211023,1.24,1,Baixo Risco,O0804AAA0A,0.18600000000000003,59.65,2011.22,17,37,18,41
805,74,1.5,4.0,425.0,63.03,5.0,36,0,12.179217270963406,24,0,7.619578138879657,1.74,1,Baixo Risco,O0805AAA0A,0.08199999999999999,27.44,2012.01,1,20,66,18
807,44,1.19,5.0,133.0,73.21,5.0,25,0,8.920281866142378,17,0,4.889911234783099,0.77,1,Baixo Risco,O0807AAA0A,0.2,36.74,2010.6,9,30,0,28
809,21,0.92,4.0,36.0,84.62,5.0,7,0,2.2886885410853175,5,0,1.382473104280142,0.19,1,Baixo Risco,O0809AAA0A,0.0,12.43,2010.67,10,2,2,10
810,143,4.54,79.0,6215.0,66.42,5.0,146,34,38.37099599089569,75,5,20.38950426219262,13.43,2,Alto Risco,O0810AAA0A,0.355,66.97,2012.24,65,130,269,108
812,62,6.62,29.0,2046.0,42.72,5.0,120,0,35.88340908580242,34,0,9.918143234365559,6.1,0,Médio Risco,O0812AAA0A,0.0,47.21,2010.0,67,79,137,75
817,87,0.71,6.0,506.0,80.45,5.0,25,0,9.015859043136947,17,0,4.856640456296835,1.59,1,Baixo Risco,O0817AAA0A,0.0,48.2,2010.17,0,24,5,6
819,58,1.72,8.0,244.0,54.93,5.0,31,0,11.036735197037384,24,0,5.723078121815726,1.18,1,Baixo Risco,O0819AAA0A,0.0,28.06,2011.76,33,21,26,25
820,94,0.28,1.0,51.0,100.0,5.0,8,0,3.5923198500080566,7,0,2.3015432755599807,0.24,1,Baixo Risco,O0820AAA0A,1.0,40.79,2016.0,13,0,6,6
821,74,0.88,5.0,65.0,72.97,5.0,22,0,9.086882225022428,16,0,4.005204946899305,0.52,1,Baixo Risco,O0821AAA0A,0.04,15.8,2010.24,0,16,17,21
822,69,0.71,4.0,49.0,75.36,5.0,17,0,7.118052168020874,10,0,2.9705681884647657,0.34,1,Baixo Risco,O0822AAA0A,0.33299999999999996,16.56,2011.33,0,12,15,16
825,101,0.83,5.0,314.0,82.63,5.0,21,3,7.994045402971008,14,0,3.6769454083834154,0.66,1,Baixo Risco,O0825AAA0A,0.08199999999999999,50.67,2010.84,12,18,28,24
826,43,0.58,3.0,39.0,95.52,5.0,6,2,1.7320508075688772,6,0,1.9261736493723074,0.12,1,Baixo Risco,O0826AAA0A,0.6,36.96,2013.7,7,6,7,9
829,31,10.58,35.0,1121.0,22.64,5.0,57,16,14.302846869467231,26,0,8.144972664788073,3.73,0,Médio Risco,O0829AAA0A,0.0,10.14,2010.3,27,63,75,85
830,41,0.7,5.0,45.0,85.94,5.0,14,0,5.871642911161277,9,0,2.620985543148093,0.27,1,Baixo Risco,0,0.45480258899676373,59.403333333333336,2012.905210355987,0,9,9,12
831,37,3.08,12.0,305.0,54.55,5.0,29,6,8.159131606453506,19,0,6.100457336146605,1.13,1,Baixo Risco,O0831AAA0A,0.0,15.5,2010.0,2,19,43,41
833,58,0.76,5.0,159.0,84.29,5.0,17,0,6.768273325562718,11,0,3.610572237756499,0.6,1,Baixo Risco,O0833AAA0A,0.304,30.02,2011.17,0,12,13,10
834,59,1.18,6.0,328.0,81.0,5.0,30,0,11.437199124327766,34,0,7.901453727922018,1.6,1,Baixo Risco,O0834AAA0A,1.0,33.65,2016.25,0,18,12,29
835,56,0.58,6.0,118.0,95.05,5.0,10,2,2.734262327610589,18,0,4.328662477091475,0.55,1,Baixo Risco,O0835AAA0A,1.0,29.74,2015.75,2,4,3,10
836,56,0.7,6.0,167.0,87.92,5.0,13,0,3.9940431835899006,12,0,3.3868886153450073,0.52,1,Baixo Risco,O0836AAA0A,1.0,30.93,2016.57,5,4,12,13
837,35,1.07,6.0,96.0,88.89,5.0,10,0,3.352326839390103,12,0,3.559026084010437,0.34,1,Baixo Risco,O0837AAA0A,1.0,27.73,2015.87,8,4,3,10
838,89,1.09,6.0,251.0,79.65,5.0,30,3,10.854009572942333,30,0,7.686686212376322,1.26,1,Baixo Risco,O0838AAA0A,1.0,44.76,2015.4,8,29,17,31
840,102,1.55,6.0,582.0,64.89,5.0,35,10,9.96422170998389,19,0,5.503457411324345,1.71,1,Baixo Risco,O0840AAA0A,0.096,58.08,2010.84,19,47,51,48
841,69,1.15,5.0,328.0,71.58,5.0,26,0,10.172324733127157,18,0,4.806396703910562,1.19,1,Baixo Risco,O0841AAA0A,0.0,12.81,2010.0,0,12,38,26
842,60,1.22,6.0,137.0,74.11,5.0,20,5,6.454972243679028,14,0,3.977973775971737,0.51,1,Baixo Risco,O0842AAA0A,0.0,22.59,2010.29,5,14,30,19
843,39,0.87,6.0,67.0,87.01,5.0,10,0,3.8047589248453675,12,0,3.3997016066844394,0.31,1,Baixo Risco,O0843AAA0A,1.0,24.26,2015.28,0,6,3,10
844,21,0.33,2.0,21.0,90.48,5.0,4,0,1.7320508075688772,3,0,0.8064504441319255,0.08,1,Baixo Risco,0,0.45480258899676373,59.403333333333336,2012.905210355987,0,4,0,0
845,53,0.55,6.0,49.0,94.38,5.0,10,3,2.699206232527312,14,0,3.6939041049047123,0.26,1,Baixo Risco,O0845AAA0A,1.0,40.88,2015.4,2,5,3,10
846,48,0.61,2.0,80.0,97.71,5.0,11,0,4.0296519996266715,15,0,3.865257739311099,0.28,1,Baixo Risco,O0846AAA0A,0.01,24.63,2011.44,10,0,8,4
847,49,0.72,2.0,64.0,89.89,5.0,11,0,4.613644360558612,15,0,3.7522939843417844,0.27,1,Baixo Risco,O0847AAA0A,0.0,22.09,2011.67,10,3,10,4
848,23,1.18,2.0,80.0,82.35,5.0,11,0,4.220133150686576,11,0,2.8023670119320947,0.31,1,Baixo Risco,O0848AAA0A,0.0,20.1,2011.61,7,0,0,0
849,89,1.43,6.0,470.0,64.63,5.0,31,4,10.952277432222987,20,0,5.096176458164848,1.75,1,Baixo Risco,O0849AAA0A,0.355,43.11,2011.33,14,29,47,35
850,57,0.78,5.0,133.0,83.53,5.0,20,0,7.502380574571933,11,0,3.3489669616383093,0.56,1,Baixo Risco,0,0.45480258899676373,59.403333333333336,2012.905210355987,0,9,21,16
851,82,1.31,6.0,192.0,77.55,5.0,35,7,9.805246409084125,29,0,7.45372195714951,1.16,1,Baixo Risco,O0851AAA0A,1.0,25.7,2015.13,19,15,13,29
852,188,0.85,6.0,468.0,83.88,5.0,38,6,11.437199124327766,35,0,9.423605882361962,1.89,1,Baixo Risco,O0852AAA0A,1.0,58.23,2014.84,22,40,17,47
853,169,2.45,29.0,1472.0,59.67,5.0,116,30,29.268055070657628,77,0,16.266296176583893,6.57,1,Baixo Risco,O0853AAA0A,1.0,80.12,2014.47,27,108,110,100
854,164,0.57,6.0,198.0,93.33,5.0,34,2,11.056133828698675,41,0,9.281429175306561,1.74,1,Baixo Risco,O0854AAAAA,1.0,56.75,2016.12,18,14,30,50
855,223,1.58,13.0,1159.0,67.35,5.0,101,37,26.686004892880785,98,3,20.380439613526,7.74,1,Baixo Risco,O0855AAA0A,1.0,92.51,2015.0,73,77,90,80
856,117,0.83,6.0,829.0,83.8,5.0,36,1,11.936339073442513,36,0,9.221509197742957,2.89,1,Baixo Risco,O0856AAA0A,1.0,54.86,2014.89,12,21,11,42
857,166,0.65,6.0,681.0,88.65,5.0,40,2,12.204604907672389,47,0,11.2623523169072,3.07,1,Baixo Risco,O0857AAA0A,1.0,67.46,2014.91,14,19,12,46
859,10,17.37,26.0,330.0,15.79,5.0,40,8,10.70602856427385,20,0,6.739323279148253,1.47,0,Médio Risco,O0859AAA0A,0.0,13.87,2010.0,14,38,35,38
861,127,6.12,79.0,5688.0,36.77,5.0,151,50,32.03049142539622,71,9,18.82831470903885,19.55,2,Alto Risco,O0861AAA0A,0.055999999999999994,58.87,2010.06,46,164,231,268
862,82,2.95,12.0,242.0,57.32,5.0,80,10,25.650582468091848,28,0,9.536732950141722,1.75,1,Baixo Risco,O0862AAA0A,0.05,29.45,2010.05,6,82,72,73
863,146,4.82,35.0,965.0,42.0,5.0,139,63,25.708994164540567,57,0,17.166649078364426,5.68,0,Médio Risco,O0863AAA0A,0.14,32.13,2010.44,20,178,190,211
864,108,1.96,13.0,332.0,68.64,5.0,63,14,15.836967001592312,24,1,7.030858483463649,1.81,1,Baixo Risco,O0864AAA0A,0.963,31.71,2014.8,61,54,68,48
865,39,2.79,12.0,109.0,61.54,5.0,24,0,10.212037714663722,12,0,4.5202843953110685,0.56,1,Baixo Risco,O0865AAA0A,0.0,19.52,2011.0,1,16,32,43
866,185,0.89,6.0,164.0,82.7,5.0,38,6,11.296860077873303,35,0,9.485305187117259,1.16,1,Baixo Risco,O0866AAA0A,1.0,61.56,2014.83,24,40,17,49
867,176,0.56,6.0,764.0,93.39,5.0,32,4,10.515294982615968,32,0,7.601368107219206,2.84,1,Baixo Risco,O0867AAA0A,1.0,73.38,2014.74,16,26,29,51
868,69,0.94,5.0,123.0,76.34,5.0,18,0,7.702813338860895,14,0,3.821184276551226,0.5,1,Baixo Risco,O0868AAA0A,0.069,31.6,2010.59,2,10,28,16
869,49,0.59,5.0,47.0,91.14,5.0,13,0,4.4986770542121866,11,0,3.2679271451620457,0.27,1,Baixo Risco,O0869AAA0A,0.0,16.93,2010.5,0,5,11,10
870,91,1.16,5.0,179.0,69.48,5.0,35,8,9.651054716602593,33,0,8.70188635222022,1.83,1,Baixo Risco,O0870AAA0A,0.028999999999999998,37.77,2011.54,26,42,16,21
871,126,0.69,4.0,337.0,77.21,5.0,30,0,11.334733807028309,22,0,5.978069825669462,1.46,1,Baixo Risco,O0871AAA0A,1.0,48.52,2015.04,3,36,34,30
872,133,0.77,4.0,438.0,81.44,5.0,28,0,9.93071234197465,25,0,7.137876110042739,1.71,1,Baixo Risco,O0872AAA0A,1.0,40.45,2014.42,32,26,3,34
878,134,5.38,22.0,3910.0,33.84,5.0,157,44,37.15219662800188,71,3,18.204753320994516,15.25,0,Médio Risco,O0878AAA0A,0.083,66.87,2011.01,46,211,207,203
880,88,6.46,35.0,3465.0,30.6,5.0,131,24,32.3713571217637,47,0,14.899117277616615,12.35,0,Médio Risco,O0880AAA0A,0.10300000000000001,27.4,2010.29,15,126,163,197
881,130,2.32,9.0,1393.0,56.91,5.0,68,8,22.507141723715797,25,0,10.08514476482793,3.59,1,Baixo Risco,O0881AAA0A,0.0,79.75,2010.0,2,54,90,62
883,207,1.29,13.0,1125.0,75.0,5.0,91,14,28.750155279083774,75,2,16.447490007178356,4.36,1,Baixo Risco,O0883AAA0A,1.0,78.08,2014.21,69,48,73,54
884,152,0.69,6.0,752.0,88.8,5.0,31,6,9.551863443229035,30,0,7.910733856282077,2.99,1,Baixo Risco,O0884AAA0A,1.0,74.66,2015.87,24,29,17,44
885,139,0.65,5.0,528.0,84.6,5.0,21,1,6.451282633635548,18,0,5.9757965935543895,1.67,1,Baixo Risco,O0885AAA0A,0.0,45.27,2010.53,8,38,0,33
892,42,1.69,5.0,71.0,57.14,5.0,20,0,8.80205603686948,21,0,5.721653505812783,0.68,1,Baixo Risco,O0892AAA0A,0.0,21.53,2010.0,1,43,4,20
893,50,0.44,4.0,22.0,96.0,5.0,6,0,2.4784787961282104,7,0,2.0624313778658907,0.09,1,Baixo Risco,O0893AAA0A,0.083,29.1,2011.08,0,2,9,3
894,24,1.04,2.0,25.0,87.5,5.0,11,0,4.117326918327103,11,0,2.896462109820047,0.13,1,Baixo Risco,O0894AAA0A,0.0,17.41,2011.52,9,0,0,2
895,68,0.63,5.0,150.0,86.55,5.0,18,0,6.768273325562717,9,0,3.077501339196073,0.47,1,Baixo Risco,0,0.45480258899676373,59.403333333333336,2012.905210355987,0,9,20,15
897,39,1.22,7.0,205.0,72.62,5.0,17,0,7.20449595077698,16,0,3.861506426779318,0.66,1,Baixo Risco,O0897AAA0A,1.0,20.87,2015.81,0,12,16,8
898,168,0.96,5.0,267.0,77.06,5.0,37,15,7.40977475398287,31,0,9.76675446367027,3.74,1,Baixo Risco,O0898AAA0A,0.21100000000000002,75.03,2011.57,39,50,29,42
90,48,9.55,39.0,1299.0,15.44,5.0,91,39,20.443883705215622,55,0,13.587011594091287,8.39,0,Médio Risco,0,0.45480258899676373,59.403333333333336,2012.905210355987,58,77,192,82
900,98,3.89,79.0,2295.0,58.14,5.0,68,36,12.307566391297286,43,2,11.408663755920417,8.0,0,Médio Risco,0,0.45480258899676373,59.403333333333336,2012.905210355987,24,55,109,72
901,165,3.13,39.0,2320.0,61.54,5.0,97,60,14.628738838327793,59,0,15.580029487795576,10.17,0,Médio Risco,O0901AAA0A,0.25,59.97,2012.7,78,118,246,127
905,106,6.69,33.0,2375.0,19.72,5.0,150,58,28.958920000909004,64,0,14.344556610360115,10.18,0,Médio Risco,0,0.45480258899676373,59.403333333333336,2012.905210355987,98,154,199,168
906,139,6.98,33.0,4616.0,18.15,5.0,168,83,28.872461751971336,97,14,20.069399520201127,17.07,0,Médio Risco,O0906AAA0A,0.9490000000000001,73.13,2013.9,103,171,355,183
908,188,4.29,15.0,1274.0,6.4,5.0,191,92,38.913212347968596,117,3,28.140917395921154,9.57,0,Médio Risco,0,0.45480258899676373,59.403333333333336,2012.905210355987,96,235,244,203
910,144,3.42,37.0,1827.0,49.25,5.0,123,53,22.23896194905303,53,2,13.173315144034854,7.86,0,Médio Risco,O0910AAA0A,0.133,75.12,2012.87,91,136,249,136
913,38,6.66,24.0,599.0,55.56,5.0,50,12,13.100345324419797,30,0,7.3306978136315655,2.4,0,Médio Risco,O0913AAA0A,0.021,29.61,2010.38,32,71,60,33
915,39,7.64,37.0,894.0,41.03,5.0,56,14,16.3692510809866,35,0,9.136247287193665,3.29,0,Médio Risco,O0915AAA0A,0.061,29.36,2010.93,44,57,136,39
917,198,4.98,77.0,4026.0,35.27,5.0,232,96,48.52392635155804,121,8,27.919884088875296,15.47,2,Alto Risco,O0917AAA0A,1.0,88.75,2017.0,89,355,268,304
918,268,6.03,32.0,6352.0,20.42,5.0,276,144,54.365605373425645,119,21,30.57030386275003,25.16,2,Alto Risco,O0918AAA0A,1.0,116.16,2014.52,261,304,532,324
919,179,6.32,24.0,4869.0,12.06,5.0,244,67,67.78326805762192,91,8,21.301110741944417,12.6,0,Médio Risco,O0919AAA0A,0.122,57.77,2010.64,142,262,388,167
920,148,5.96,36.0,2621.0,20.45,5.0,167,61,43.561669476950115,92,4,21.967985599602613,13.5,0,Médio Risco,O0920AAA0A,0.17300000000000001,70.75,2010.77,82,257,316,155
921,64,1.75,7.0,199.0,50.88,5.0,37,0,12.97983784475717,15,0,4.861673535442028,0.91,1,Baixo Risco,O0921AAA0A,1.0,26.65,2014.99,16,23,57,67
922,32,1.14,12.0,153.0,76.12,5.0,10,3,3.0394235042348474,11,0,2.955895607185699,0.42,1,Baixo Risco,O0922AAA0A,0.027000000000000003,18.92,2012.09,6,3,18,13
925,90,1.24,7.0,264.0,65.73,5.0,33,4,10.047506205640332,15,0,4.323637424635667,1.06,1,Baixo Risco,O0925AAA0A,1.0,48.16,2014.64,16,19,55,58
926,235,4.79,37.0,5146.0,23.07,5.0,217,110,41.32161892370857,112,6,25.869201373644007,19.99,2,Alto Risco,0,0.45480258899676373,59.403333333333336,2012.905210355987,177,304,348,256
928,186,7.83,32.0,6516.0,9.62,5.0,266,150,41.76464670370999,112,4,28.412304693055336,24.28,2,Alto Risco,O0928AAA0A,0.5,74.55,2013.0,219,275,459,311
932,82,10.39,35.0,3709.0,27.45,5.0,156,60,38.50912075018567,84,4,23.832142465434234,14.81,0,Médio Risco,O0932AAA0A,0.0,22.78,2010.0,51,260,205,275
940,187,10.82,55.0,12389.0,20.35,5.0,359,205,52.22296520916919,173,20,37.09672043006857,28.31,2,Alto Risco,0,0.45480258899676373,59.403333333333336,2012.905210355987,297,366,621,435
946,173,7.62,24.0,3194.0,5.73,5.0,314,130,60.72537713815723,165,12,40.38490085900056,16.06,0,Médio Risco,O0946AAA0A,0.5,62.86,2014.0,73,485,446,335
954,142,5.95,79.0,4740.0,42.59,5.0,168,38,45.48050341054055,79,7,21.45504231130086,17.25,2,Alto Risco,O0954AAA0A,0.0,68.47,2010.0,76,156,288,125
961,126,3.98,35.0,1506.0,57.14,5.0,104,30,23.584700448343522,50,0,14.273467835742336,6.93,0,Médio Risco,O0961AAA0A,0.0,67.67,2010.4,29,153,132,191
975,144,9.86,32.0,2288.0,12.07,5.0,265,121,51.188726437426766,140,14,30.319912622718345,14.02,0,Médio Risco,O0975AAA0A,1.0,49.69,2015.0,260,187,490,263
979,158,9.32,77.0,2944.0,11.39,5.0,295,176,38.29584087823936,187,24,36.0859481262986,16.58,2,Alto Risco,O0979AAA0A,1.0,36.58,2015.0,167,458,451,442
987,88,7.15,35.0,3126.0,22.65,5.0,131,55,27.74801580207819,77,0,20.502209142191116,11.29,0,Médio Risco,O0987AAA0A,0.059000000000000004,24.46,2010.53,28,216,145,246
990,93,2.96,79.0,806.0,69.12,5.0,52,14,13.36306209562122,32,0,7.359800721939871,2.99,0,Médio Risco,O0990AAA0A,0.0,27.02,2010.0,24,49,76,37
ESP01,50,9.05,39.0,2189.0,18.6,15.0,91,39,20.443883705215622,55,0,13.587011594091287,8.44,0,Médio Risco,0,0.45480258899676373,59.403333333333336,2012.905210355987,58,77,192,82
LECD127,67,3.6,20.0,723.0,44.78,5.0,70,13,21.53181477765048,29,0,7.810133699610853,2.65,0,Médio Risco,O0157AAA0A,0.292,58.82,2013.31,9,62,115,83
LECD128,62,3.52,21.0,218.0,41.94,5.0,80,15,22.578961973694092,56,0,11.209144817345877,1.57,0,Médio Risco,O0162AAA0A,0.045,39.77,2012.73,19,89,57,44
LECD129,190,1.96,20.0,723.0,53.93,5.0,104,20,28.611519491614693,68,0,13.688829678647277,3.94,1,Baixo Risco,O0319AAA0A,0.818,83.15,2013.18,43,93,222,124
LECD130,61,4.11,21.0,251.0,24.59,5.0,94,16,26.742155057939087,64,0,12.573191517174001,1.11,0,Médio Risco,O0160AAA0A,0.0,58.5,2011.0,21,96,69,54
LECD131,140,2.36,17.0,611.0,45.17,5.0,109,19,28.981931974117614,45,0,10.515688762269807,3.5,1,Baixo Risco,0,0.45480258899676373,59.403333333333336,2012.905210355987,59,91,117,100
LECD132,229,5.24,41.0,4505.0,20.35,5.0,236,87,52.540234016191725,117,11,29.467619172748662,18.05,2,Alto Risco,O0456AAA0A,1.0,90.52,2016.3,121,395,332,323
LECD133,50,3.88,21.0,194.0,30.0,5.0,50,16,12.970662868107214,38,0,7.834797889608544,1.43,0,Médio Risco,O0475AAA0A,0.16699999999999998,62.19,2011.83,21,71,60,52
LECD134,61,3.64,21.0,222.0,36.07,5.0,56,13,17.413732949545746,37,0,7.461495362424228,1.49,0,Médio Risco,0,0.45480258899676373,59.403333333333336,2012.905210355987,31,61,80,62
LECD135,40,3.52,7.0,564.0,22.5,5.0,41,4,14.473292316407848,27,0,7.385723596471659,2.33,0,Médio Risco,O0014AAA0A,1.0,23.51,2018.0,22,12,42,10
LECD136,65,4.05,21.0,263.0,18.46,5.0,86,16,23.458169457264017,59,0,12.578377467310517,1.41,0,Médio Risco,O0164AAA0A,0.875,47.32,2013.25,28,93,81,60
LECD139,106,5.42,26.0,575.0,23.58,5.0,105,59,15.614401167176531,47,3,14.600414427312511,10.44,0,Médio Risco,0,0.45480258899676373,59.403333333333336,2012.905210355987,107,131,199,172
LECD140,165,7.19,32.0,3745.0,17.47,5.0,193,163,11.056133828698675,102,18,23.613701193543783,15.37,0,Médio Risco,O0685AAA0A,0.14800000000000002,79.26,2011.59,159,246,459,354
LECD141,178,6.83,32.0,5085.0,18.55,5.0,207,160,15.586929811620404,105,26,24.09307886666547,16.29,2,Alto Risco,O0685AAVBA,0.091,75.21,2011.36,166,261,493,389
LECD142,113,8.87,32.0,4826.0,14.71,5.0,187,96,38.269719473382985,97,7,21.662388094829584,17.15,0,Médio Risco,0,0.45480258899676373,59.403333333333336,2012.905210355987,146,162,365,206
LECD144,73,5.64,23.0,1112.0,26.9,5.0,82,12,23.660294246046977,51,0,13.27196019946684,3.81,0,Médio Risco,0,0.45480258899676373,59.403333333333336,2012.905210355987,36,126,106,72
LECD145,51,7.2,23.0,590.0,18.29,5.0,80,12,23.69950773047125,51,0,11.332587358228663,2.57,0,Médio Risco,0,0.45480258899676373,59.403333333333336,2012.905210355987,35,91,96,51
LECD146,73,6.48,23.0,933.0,11.81,5.0,102,20,27.69132578641774,52,0,15.365121428799029,4.34,0,Médio Risco,0,0.45480258899676373,59.403333333333336,2012.905210355987,50,124,143,100
LECD147,152,6.79,39.0,5895.0,22.7,5.0,198,73,44.48113564840076,88,5,20.199009876724155,21.06,2,Alto Risco,O0665AAVAA,0.0,77.47,2010.03,125,202,349,169
LECD148,137,7.74,32.0,2122.0,18.25,5.0,170,109,22.217539189096698,82,15,20.261291359047966,11.25,0,Médio Risco,O0685AAVAA,0.0,93.3,2011.0,147,208,391,260
SN007,60,5.58,21.0,1005.0,25.0,5.0,82,22,22.01081985015984,35,0,10.932516980834372,4.42,0,Médio Risco,0,0.45480258899676373,59.403333333333336,2012.905210355987,62,61,149,51
SN104,214,3.35,20.0,1325.0,33.33,5.0,179,24,50.05568327943819,75,4,20.622864404148228,9.63,0,Médio Risco,O0104AAN0A,0.0,68.62,2010.0,94,234,207,141
SN133,77,5.61,18.0,814.0,2.07,5.0,134,40,33.074950959183305,107,0,21.876464754272515,5.83,0,Médio Risco,0,0.45480258899676373,59.403333333333336,2012.905210355987,23,171,92,88
SN209,142,3.31,13.0,884.0,22.47,5.0,147,34,39.58474934810603,83,0,19.70098025958114,6.89,0,Médio Risco,O0209AAN0A,1.0,27.95,2014.06,45,183,127,82
SN232,148,5.4,40.0,1545.0,19.58,5.0,202,81,46.09410663703839,85,7,19.736672259630243,10.28,0,Médio Risco,0,0.45480258899676373,59.403333333333336,2012.905210355987,104,242,261,184
SN238,159,5.95,28.0,2368.0,9.05,5.0,195,80,43.51792186915092,83,6,21.61517012910481,11.97,0,Médio Risco,O0238AAN0A,1.0,31.28,2016.0,116,222,347,226
SN265,191,5.87,26.0,3546.0,11.26,5.0,231,111,49.421414290529874,176,5,39.55346317676067,15.13,0,Médio Risco,O0265AAN0A,1.0,56.99,2017.0,83,414,235,342
SN298,214,6.01,26.0,3462.0,9.38,5.0,275,122,51.08629487259302,185,13,38.54695517966612,19.6,0,Médio Risco,O0298AAN0A,0.0,85.93,2011.0,157,450,289,295
SN302,183,2.21,14.0,1791.0,58.02,5.0,108,34,26.025628394590846,69,0,15.84841006061098,7.13,1,Baixo Risco,O0302AAN0A,1.0,69.3,2015.0,25,151,94,95
SN312,194,4.89,34.0,2764.0,17.35,5.0,284,42,76.89758185559604,121,0,24.979991993593593,18.45,0,Médio Risco,O0312AAN0A,0.0,42.5,2011.0,139,273,233,140
SN324,232,3.82,39.0,2380.0,42.22,5.0,218,70,51.43234113168206,85,0,25.994982793508107,17.41,0,Médio Risco,O0324AAN0A,1.0,67.84,2015.0,122,222,326,149
SN328,225,3.99,39.0,4728.0,38.62,5.0,221,82,50.48903699955919,106,0,27.61209039953122,18.47,2,Alto Risco,O0328AAN0A,0.15,69.4,2012.81,136,235,328,165
SN353,231,15.12,87.0,7801.0,6.98,5.0,545,370,57.291235929116716,273,32,60.06480497846846,41.98,2,Alto Risco,O0353AAN0A,0.0,69.25,2010.67,471,630,858,871
SN355,208,9.56,39.0,13339.0,9.03,5.0,363,163,76.32761467453808,186,21,40.09002550420161,53.8,2,Alto Risco,0,0.45480258899676373,59.403333333333336,2012.905210355987,333,290,697,335
SN363,186,5.19,24.0,1739.0,16.72,5.0,176,94,38.572134032349354,79,6,19.049087999775434,11.42,0,Médio Risco,0,0.45480258899676373,59.403333333333336,2012.905210355987,119,239,232,204
SN368,250,8.08,79.0,9340.0,25.43,5.0,380,187,74.75292636412303,168,24,40.48716024775677,39.25,2,Alto Risco,0,0.45480258899676373,59.403333333333336,2012.905210355987,195,548,594,421
SN383,247,6.8,77.0,3738.0,25.27,5.0,309,126,72.64722326158824,110,18,30.8291223133046,20.01,2,Alto Risco,0,0.45480258899676373,59.403333333333336,2012.905210355987,186,358,532,351
SN388,393,4.78,39.0,7991.0,31.18,5.0,360,162,70.96679303932025,194,17,44.454157302206,35.28,2,Alto Risco,O0388AAN0A,0.0,91.88,2011.0,201,490,598,349
SN393,257,5.45,37.0,4179.0,20.73,5.0,250,91,70.07343087280452,129,16,31.17130671497171,18.6,2,Alto Risco,0,0.45480258899676373,59.403333333333336,2012.905210355987,164,318,447,197
SN399,277,6.59,39.0,4843.0,13.06,5.0,330,143,74.71150864364554,161,12,39.00703671189954,25.3,2,Alto Risco,O0399AAN0A,0.0,69.7,2011.0,198,457,558,294
SN415,241,3.25,14.0,3010.0,31.03,5.0,159,62,30.432595307381476,110,3,25.259199787662386,14.27,0,Médio Risco,O0415AAN0A,1.0,42.0,2015.0,114,282,176,160
SN422,134,4.38,20.0,1169.0,15.73,5.0,111,56,22.34363657147366,84,5,17.118301080541197,7.14,0,Médio Risco,0,0.45480258899676373,59.403333333333336,2012.905210355987,67,199,179,146
SN457,225,5.22,20.0,4077.0,18.57,5.0,213,92,45.054464394827306,106,11,28.085144869109016,17.17,0,Médio Risco,O0457AAN0A,0.25,70.93,2013.75,109,381,333,300
SN474,168,4.05,12.0,1912.0,15.68,5.0,136,68,23.57965224510319,98,8,20.927367491993053,10.15,0,Médio Risco,O0474AAN0A,0.5,61.67,2012.25,71,255,168,159
SN483,255,3.33,17.0,3752.0,21.54,5.0,220,44,53.981037234869625,103,3,25.745936783686183,18.0,0,Médio Risco,0,0.45480258899676373,59.403333333333336,2012.905210355987,125,267,251,157
SN497,100,5.36,20.0,536.0,9.0,5.0,126,31,33.90603261396189,70,6,16.504720449054847,5.51,0,Médio Risco,0,0.45480258899676373,59.403333333333336,2012.905210355987,41,164,191,101
SN550,168,3.57,22.0,3223.0,46.9,5.0,114,44,22.903524370092665,59,3,15.42437136106551,12.07,0,Médio Risco,0,0.45480258899676373,59.403333333333336,2012.905210355987,37,176,139,162
SN554,338,0.82,7.0,1780.0,77.97,5.0,66,14,18.893183452038485,52,0,12.05234657529456,7.3,1,Baixo Risco,0,0.45480258899676373,59.403333333333336,2012.905210355987,18,78,133,77
SN565,126,3.4,23.0,782.0,53.04,5.0,111,32,27.250163826506228,42,0,12.349969195525743,8.24,1,Baixo Risco,O0565AAN0A,0.0,51.72,2011.0,39,110,126,99
SN600,115,6.16,79.0,1355.0,32.73,5.0,120,88,12.233832869001711,60,11,14.286661459283408,11.75,0,Médio Risco,0,0.45480258899676373,59.403333333333336,2012.905210355987,67,168,217,186
SN624,321,5.82,77.0,10697.0,16.59,5.0,405,184,80.37916100463804,243,24,52.67866424527739,41.61,2,Alto Risco,O0624AAN0A,1.0,83.0,2017.0,179,623,392,486
SN629,175,7.47,54.0,2069.0,10.83,5.0,251,118,47.7787559885094,167,5,40.64979455177418,11.48,0,Médio Risco,0,0.45480258899676373,59.403333333333336,2012.905210355987,148,455,332,258
SN634,197,5.04,48.0,2992.0,35.02,5.0,218,81,47.43667458030859,109,6,24.49101432380243,14.96,0,Médio Risco,O0634AAN0A,0.304,88.33,2013.15,146,255,353,213
SN636,161,14.58,87.0,4696.0,11.8,5.0,378,285,37.54933262992008,204,23,44.0233798227089,26.45,2,Alto Risco,0,0.45480258899676373,59.403333333333336,2012.905210355987,418,386,634,696
SN639,237,7.05,40.0,3678.0,21.07,5.0,315,197,39.84912020299044,120,24,26.952319681835995,18.44,2,Alto Risco,0,0.45480258899676373,59.403333333333336,2012.905210355987,217,347,658,436
SN696,190,4.85,39.0,4686.0,39.75,5.0,176,103,25.79313308393756,102,4,21.56738681233875,19.04,0,Médio Risco,O0696AAN0A,1.0,89.34,2015.0,149,220,317,234
SN731,210,4.99,45.0,5027.0,36.05,5.0,224,82,51.95098422460119,103,5,25.50017760665628,19.52,2,Alto Risco,0,0.45480258899676373,59.403333333333336,2012.905210355987,156,168,362,172
SN779,138,4.43,77.0,3516.0,10.59,5.0,114,66,17.11724276862369,79,5,18.77305346052911,12.71,2,Alto Risco,0,0.45480258899676373,59.403333333333336,2012.905210355987,59,183,138,222
SN790,203,5.5,32.0,4220.0,34.68,5.0,225,106,45.23062594978676,114,14,28.61966360612116,14.87,0,Médio Risco,0,0.45480258899676373,59.403333333333336,2012.905210355987,163,275,397,305
SN794,205,4.89,77.0,4086.0,45.39,5.0,247,77,55.53334476647684,113,4,26.050084146850104,17.31,2,Alto Risco,0,0.45480258899676373,59.403333333333336,2012.905210355987,190,180,378,214
SN803,123,5.01,58.0,1782.0,51.12,5.0,113,50,19.672315572906,53,7,12.107534484953897,7.86,0,Médio Risco,0,0.45480258899676373,59.403333333333336,2012.905210355987,81,122,165,166
SN810,127,1.73,14.0,440.0,68.5,5.0,56,8,16.3284735238493,26,0,7.66509120548515,2.06,1,Baixo Risco,0,0.45480258899676373,59.403333333333336,2012.905210355987,5,56,55,52
SN821,74,0.88,5.0,65.0,72.97,5.0,22,0,9.086882225022428,16,0,4.005204946899305,0.52,1,Baixo Risco,0,0.45480258899676373,59.403333333333336,2012.905210355987,0,16,17,21
SN825,101,0.81,5.0,153.0,83.07,5.0,21,3,7.994045402971008,14,0,3.6769454083834154,0.66,1,Baixo Risco,0,0.45480258899676373,59.403333333333336,2012.905210355987,12,18,28,24
SN840,102,1.55,6.0,291.0,64.89,5.0,35,10,9.96422170998389,19,0,5.503457411324345,1.71,1,Baixo Risco,0,0.45480258899676373,59.403333333333336,2012.905210355987,19,47,51,48
SN846,48,0.62,2.0,54.0,96.55,5.0,11,0,4.0296519996266715,15,0,3.865257739311099,0.23,1,Baixo Risco,O0846AAN0A,0.0,14.0,2012.0,10,0,8,4
SN848,23,1.18,2.0,53.0,82.22,5.0,11,0,4.220133150686576,11,0,2.8023670119320947,0.26,1,Baixo Risco,0,0.45480258899676373,59.403333333333336,2012.905210355987,7,0,0,0
SN853,152,2.6,29.0,395.0,57.24,5.0,110,25,28.61734405832206,77,0,15.770029821776182,3.43,1,Baixo Risco,0,0.45480258899676373,59.403333333333336,2012.905210355987,23,87,88,78
SN857,164,0.63,6.0,370.0,89.12,5.0,35,2,10.589752458998138,41,0,10.150944126861633,3.04,1,Baixo Risco,O0857AAN0A,1.0,53.79,2014.67,14,17,10,42
SN861,127,6.12,79.0,3194.0,36.4,5.0,151,50,32.03049142539622,71,9,18.82831470903885,14.76,2,Alto Risco,0,0.45480258899676373,59.403333333333336,2012.905210355987,46,164,231,268
SN878,118,5.43,22.0,1923.0,36.44,5.0,146,43,33.75330671631617,65,3,16.912766381247827,11.16,0,Médio Risco,0,0.45480258899676373,59.403333333333336,2012.905210355987,40,197,192,192
SN880,83,6.52,35.0,1552.0,29.41,5.0,130,20,33.028847420168354,47,0,14.71664738127973,6.1,0,Médio Risco,0,0.45480258899676373,59.403333333333336,2012.905210355987,15,122,161,196
SN884,152,0.68,6.0,743.0,88.96,5.0,31,6,9.551863443229035,30,0,7.910733856282077,2.98,1,Baixo Risco,0,0.45480258899676373,59.403333333333336,2012.905210355987,24,29,17,44
SN885,120,0.66,5.0,225.0,84.16,5.0,17,1,5.282495802626056,15,0,5.1862066224201655,0.97,1,Baixo Risco,0,0.45480258899676373,59.403333333333336,2012.905210355987,5,33,0,27
SN893,50,0.44,4.0,22.0,96.0,5.0,6,0,2.4784787961282104,7,0,2.0624313778658907,0.09,1,Baixo Risco,0,0.45480258899676373,59.403333333333336,2012.905210355987,0,2,9,3
SN895,78,0.71,5.0,55.0,87.18,5.0,20,0,7.104659772022195,12,0,3.5074971463828817,0.53,1,Baixo Risco,0,0.45480258899676373,59.403333333333336,2012.905210355987,0,11,20,15
SN897,74,1.46,7.0,327.0,63.84,5.0,35,3,11.090536506409418,33,0,7.835144718103372,1.36,1,Baixo Risco,O0897AAN0A,1.0,32.0,2017.0,3,44,25,38
SN898,140,1.06,5.0,148.0,74.29,5.0,35,11,8.414839499926533,28,0,8.8448789736192,2.46,1,Baixo Risco,O0898AAN0A,0.0,59.27,2011.0,29,46,27,29
SN908,188,4.29,15.0,2548.0,6.4,5.0,191,92,38.913212347968596,117,3,28.140917395921154,9.57,0,Médio Risco,0,0.45480258899676373,59.403333333333336,2012.905210355987,96,235,244,203
SN919,179,6.32,24.0,1623.0,12.06,5.0,244,67,67.78326805762192,91,8,21.301110741944417,12.6,0,Médio Risco,O0919AAN0A,0.062,47.29,2010.56,142,262,388,167
SN954,109,5.92,79.0,1290.0,44.04,5.0,136,22,40.00595193813279,68,4,19.310534408204106,7.9,0,Médio Risco,0,0.45480258899676373,59.403333333333336,2012.905210355987,66,137,251,93
SP265,163,6.32,26.0,5774.0,9.42,5.0,210,96,47.21026926220104,167,5,38.04564383070358,13.15,0,Médio Risco,O0265AAP0A,0.758,71.46,2015.55,68,393,224,338
SP324,65,0.6,2.0,76.0,78.57,5.0,13,0,5.19156825558337,14,0,3.8313637031854544,0.44,1,Baixo Risco,O0324AAP0A,1.0,31.43,2014.97,0,8,27,24
SP328,64,1.1,7.0,129.0,70.09,5.0,21,3,7.033931367037248,12,0,3.583375463183411,0.52,1,Baixo Risco,O0328AAP0A,0.33,35.28,2013.04,14,16,33,39
SP343,109,4.06,13.0,884.0,18.35,5.0,105,37,22.10903715247509,54,0,12.967909109284605,5.61,0,Médio Risco,0,0.45480258899676373,59.403333333333336,2012.905210355987,49,140,113,102
SP389,93,7.89,45.0,1869.0,8.02,5.0,178,41,43.42810150121693,67,0,18.715983636407167,8.58,0,Médio Risco,0,0.45480258899676373,59.403333333333336,2012.905210355987,129,88,263,109
SP635,74,2.36,12.0,358.0,46.05,5.0,75,3,24.589002574709035,40,0,9.928731547631225,2.41,1,Baixo Risco,O0635AAP0A,0.25,53.6,2012.75,18,97,30,51
SP759,162,2.93,29.0,1598.0,45.5,5.0,101,43,21.125475480701358,73,0,17.048045916327695,7.4,0,Médio Risco,O0759AAP0A,0.132,71.11,2012.1,36,136,127,124
SP766,74,24.84,87.0,3676.0,1.35,5.0,288,231,22.13486799039879,187,19,39.56163783775637,21.67,2,Alto Risco,0,0.45480258899676373,59.403333333333336,2012.905210355987,374,276,451,518
SP795,116,3.81,17.0,1584.0,23.08,5.0,103,47,21.306158287039477,59,0,17.88854381999832,7.67,0,Médio Risco,O0795AAP0A,0.33299999999999996,44.61,2013.0,21,167,71,158
SP801,144,3.88,26.0,965.0,53.01,5.0,126,17,37.0353756241117,81,0,22.119856316853888,4.48,0,Médio Risco,0,0.45480258899676373,59.403333333333336,2012.905210355987,140,89,227,90
SP803,71,3.0,13.0,699.0,59.66,5.0,48,14,12.284329933079862,26,0,7.170288939663511,2.59,1,Baixo Risco,O0803AAP0A,0.14300000000000002,33.25,2011.71,46,57,72,42
SP805,51,1.79,4.0,266.0,56.38,5.0,25,0,9.015859043136947,21,0,6.762535327668983,1.13,1,Baixo Risco,O0805AAP0A,0.136,21.85,2011.79,1,10,60,17
SP810,115,5.65,79.0,3711.0,57.99,5.0,146,34,37.942312101650415,74,5,20.092133798571773,14.07,2,Alto Risco,O0810AAP0A,0.302,53.93,2011.96,65,130,266,108
SP864,66,1.7,13.0,287.0,69.82,5.0,34,4,10.46308704332476,20,0,5.051725203950814,1.24,1,Baixo Risco,0,0.45480258899676373,59.403333333333336,2012.905210355987,44,10,30,23
SP918,120,3.84,29.0,1498.0,27.69,5.0,129,14,42.3337082848037,90,1,20.370303762151387,5.73,0,Médio Risco,O0918AAP0A,1.0,46.56,2014.5,62,66,122,65
SPA483,64,2.62,13.0,320.0,36.07,5.0,35,15,9.10781976942786,19,0,6.043171976390536,1.44,0,Médio Risco,O0483AAPAA,0.857,51.36,2013.57,18,40,61,51
SPA550,126,3.55,22.0,1993.0,47.59,5.0,91,39,18.96487982209923,57,3,15.041729394866994,9.45,0,Médio Risco,0,0.45480258899676373,59.403333333333336,2012.905210355987,33,166,116,153
SPA613,59,4.16,23.0,478.0,71.3,5.0,52,13,13.100345324419797,34,0,8.46722153836252,2.13,1,Baixo Risco,O0613AAPAA,0.3,50.7,2010.0,9,91,32,34
SPB483,86,6.22,37.0,1032.0,26.51,5.0,112,34,24.500728852132426,57,0,14.387431612549792,6.29,0,Médio Risco,O0483AAPBA,1.0,66.57,2014.0,75,108,212,104
SPB550,71,2.41,12.0,338.0,61.43,5.0,36,0,11.753418955472366,23,0,6.534052385748844,1.5,1,Baixo Risco,0,0.45480258899676373,59.403333333333336,2012.905210355987,9,67,31,22
SR300,219,5.41,39.0,3525.0,24.39,5.0,230,89,53.671398785750384,115,4,28.703380601786513,16.46,0,Médio Risco,0,0.45480258899676373,59.403333333333336,2012.905210355987,128,286,385,190
SR328,148,4.57,37.0,1347.0,32.54,5.0,145,59,34.42244561190796,74,0,20.445003996228447,12.31,0,Médio Risco,O0328AAR0A,0.308,80.16,2013.0,106,159,252,121
SR342,212,6.81,39.0,5211.0,16.73,5.0,262,68,77.80255841062102,107,6,30.661192012904095,24.75,2,Alto Risco,O0342AAR0A,0.0,47.23,2011.0,153,262,466,152
SR355,204,9.62,39.0,9558.0,11.17,5.0,357,163,74.50663121654405,183,21,39.73134417742404,41.65,2,Alto Risco,O0355AAR0A,1.0,82.42,2015.0,332,283,691,335
SR378,267,6.25,39.0,3657.0,13.85,5.0,317,123,67.42579695664037,159,5,37.85668531697414,19.63,2,Alto Risco,0,0.45480258899676373,59.403333333333336,2012.905210355987,167,395,480,265
SR384,286,6.62,39.0,5955.0,15.13,5.0,338,153,67.62008718181448,159,5,41.273544005604954,36.38,2,Alto Risco,0,0.45480258899676373,59.403333333333336,2012.905210355987,187,492,545,336
SR386,226,5.61,39.0,2514.0,21.88,5.0,239,103,46.18389742055537,120,7,29.574978407871864,14.15,0,Médio Risco,0,0.45480258899676373,59.403333333333336,2012.905210355987,136,326,405,237
SR388,352,5.17,39.0,8885.0,32.19,5.0,343,154,62.97883242275402,197,17,44.11445505644988,36.44,2,Alto Risco,O0388AAR0A,0.35700000000000004,118.11,2012.39,186,479,583,344
SR393,257,5.68,39.0,2918.0,21.4,5.0,253,112,59.871688197503225,134,20,29.72625711923451,14.95,2,Alto Risco,O0393AAR0A,0.0,98.05,2011.22,179,319,483,244
SR397,302,5.51,39.0,4178.0,27.31,5.0,309,127,66.11209816523389,163,15,37.414540303028666,21.78,2,Alto Risco,O0397AAR0A,0.0,99.51,2011.4,223,396,537,284
SR399,267,6.69,39.0,4268.0,15.2,5.0,322,137,73.79217922168795,157,10,38.273519812535916,24.25,2,Alto Risco,0,0.45480258899676373,59.403333333333336,2012.905210355987,192,445,542,284
SV363,193,5.57,77.0,3364.0,20.2,5.0,210,105,39.85688683993556,88,9,22.866182865545785,15.08,2,Alto Risco,0,0.45480258899676373,59.403333333333336,2012.905210355987,132,286,311,293
SV384,180,7.19,37.0,5079.0,14.73,5.0,247,131,37.66519171153475,110,6,28.843625121418555,17.4,2,Alto Risco,O0384AAV0A,0.5,96.45,2014.0,122,352,424,278
SV391,234,5.71,77.0,2674.0,37.61,5.0,261,107,65.53879258373115,106,9,25.99243897863321,14.36,2,Alto Risco,0,0.45480258899676373,59.403333333333336,2012.905210355987,173,268,464,264
SV474,153,3.31,13.0,4515.0,26.08,5.0,97,43,18.62665780413601,47,0,13.516495558165698,14.33,0,Médio Risco,O0474AAV0A,0.706,53.88,2013.53,58,130,139,140
SV483,108,5.62,39.0,3015.0,27.61,5.0,114,40,26.469209425652434,57,0,15.067901866771853,10.99,0,Médio Risco,O0483AAV0A,0.474,72.58,2012.42,74,110,232,108
SV606,150,7.1,40.0,4095.0,11.44,5.0,191,64,46.72156634686772,91,13,24.167553706858975,14.92,0,Médio Risco,0,0.45480258899676373,59.403333333333336,2012.905210355987,98,280,340,302
SV624,275,6.34,77.0,9747.0,16.98,5.0,342,181,55.95533933415113,226,22,50.68442790329252,27.79,2,Alto Risco,O0624AAV0A,1.0,144.3,2017.0,145,578,407,472
SV669,192,6.67,40.0,5727.0,9.79,5.0,229,102,42.83078554586864,156,8,36.90447421914183,15.41,2,Alto Risco,0,0.45480258899676373,59.403333333333336,2012.905210355987,96,362,353,417
SV692,76,4.37,23.0,664.0,35.53,5.0,67,17,21.82397109340356,57,0,15.298953265321543,3.39,0,Médio Risco,O0692AAV0A,0.042,70.17,2010.21,1,142,103,126
SV777,197,4.55,32.0,4406.0,37.46,5.0,203,86,39.704863561989356,104,0,26.52968668044006,18.43,0,Médio Risco,O0777AAV0A,1.0,57.67,2019.0,170,202,350,273
SV790,212,7.26,45.0,6763.0,35.73,5.0,315,175,57.76100183803371,151,15,34.688573067355705,24.57,2,Alto Risco,O0790AAV0A,0.0,76.13,2010.0,264,303,602,369
SV831,30,2.93,9.0,176.0,56.67,5.0,21,6,5.1269595556932455,17,0,4.340573661412155,0.56,1,Baixo Risco,0,0.45480258899676373,59.403333333333336,2012.905210355987,2,12,27,21
SV853,162,2.52,29.0,727.0,57.29,5.0,119,30,30.318939546727144,79,0,16.2552109816505,6.74,1,Baixo Risco,O0853AAV0A,1.0,78.88,2014.93,26,105,115,95
SV863,54,6.67,35.0,360.0,25.93,5.0,83,13,22.426599852683438,41,0,11.29832615536671,2.75,0,Médio Risco,O0863AAV0A,0.15,33.78,2010.5,14,91,119,139
SV866,116,0.8,6.0,551.0,85.01,5.0,31,6,10.179344164485629,30,0,7.58705514657047,2.21,1,Baixo Risco,O0866AAV0A,1.0,55.28,2014.87,11,29,17,31
SV878,134,5.56,22.0,1924.0,35.55,5.0,157,44,37.15219662800188,71,3,18.204753320994516,15.07,0,Médio Risco,O0878AAV0A,0.2,62.67,2011.93,46,211,207,203
SV908,166,4.98,17.0,3729.0,6.68,5.0,167,87,30.40754918797382,107,2,25.729888727179592,10.7,0,Médio Risco,0,0.45480258899676373,59.403333333333336,2012.905210355987,80,211,215,184
SV917,191,5.04,77.0,4625.0,30.86,5.0,252,96,55.48830850685918,126,8,29.421474952928463,17.06,2,Alto Risco,O0917AAV0A,1.0,103.34,2017.0,85,366,270,304
SV921,63,1.76,7.0,197.0,50.0,5.0,37,0,13.009154286043934,15,0,4.835706563783051,0.89,1,Baixo Risco,O0921AAV0A,1.0,24.88,2015.0,15,23,57,67
SV922,37,0.67,3.0,140.0,80.95,5.0,8,0,2.935821455580639,10,0,2.6123314036160967,0.51,1,Baixo Risco,O0922AAV0A,0.109,31.91,2012.3,0,0,16,9
SVB665,182,8.99,39.0,9768.0,11.79,5.0,266,119,50.60255969433807,123,17,29.105380746621357,29.78,2,Alto Risco,O0665AAVBA,0.111,78.34,2010.47,160,361,556,306
SVB901,68,4.15,39.0,846.0,58.82,5.0,60,24,14.337762327902796,30,0,8.832991516492857,5.64,0,Médio Risco,O0901AAVBA,0.3,52.62,2012.95,36,57,121,50
